event_id,incident_date,incident_time,site,department,shift,incident_type,description,injury_outcome,recordable,lost_time,near_miss,potential_sif,severity,frequency,critical_control_verified,inspection_completion_rate,training_compliance_pct,exposure_hours,latitude,longitude,risk_score
HSE-1001,2026-01-01,07:00,Mombasa Depot,Maintenance,Day,Vehicle Interaction,Pedestrian entered forklift travel path at Mombasa Depot during day shift.,First Aid,True,True,False,False,3,3,True,71.0,82.5,859,-4.0435,39.6682,9
HSE-1002,2026-01-01,23:10,Mandera Depot,Logistics,Night,Slip / Trip,Worker slipped near transfer walkway at Mandera Depot during night shift.,Medical Treatment,False,False,False,False,1,1,True,100.0,89.7,1242,3.9373,41.8569,1
HSE-1003,2026-01-02,01:40,Nairobi Depot,Operations,Night,Slip / Trip,Worker slipped near transfer walkway at Nairobi Depot during night shift.,Restricted Work,True,False,False,False,2,3,False,74.1,97.1,1208,-1.2921,36.8219,6
HSE-1004,2026-01-02,10:30,Nyeri Depot,Maintenance,Day,Manual Handling,Manual Handling event reported at Nyeri Depot during day shift.,Medical Treatment,True,False,False,False,2,1,True,96.8,89.9,1164,-0.4201,36.9476,2
HSE-1005,2026-01-03,02:40,Wajir Depot,Operations,Night,Struck By,Struck By event reported at Wajir Depot during night shift.,Lost Time,False,False,False,False,1,5,True,96.7,82.3,1368,1.7471,40.0573,5
HSE-1006,2026-01-03,08:10,Mandera Depot,Logistics,Day,Slip / Trip,Worker slipped near transfer walkway at Mandera Depot during day shift.,Medical Treatment,True,False,False,False,2,4,True,100.0,98.0,962,3.9373,41.8569,8
HSE-1007,2026-01-04,22:30,Nairobi Depot,Operations,Night,Near Miss,Near Miss event reported at Nairobi Depot during night shift.,Near Miss,False,False,True,False,0,4,True,81.8,86.4,985,-1.2921,36.8219,0
HSE-1008,2026-01-04,17:20,Mombasa Depot,Logistics,Day,Equipment Contact,Equipment Contact event reported at Mombasa Depot during day shift.,Medical Treatment,True,False,False,False,2,4,True,100.0,83.5,930,-4.0435,39.6682,8
HSE-1009,2026-01-04,08:10,Nyeri Depot,Logistics,Day,Slip / Trip,Worker slipped near transfer walkway at Nyeri Depot during day shift.,Medical Treatment,True,False,False,False,2,2,True,84.6,97.5,1143,-0.4201,36.9476,4
HSE-1010,2026-01-04,15:00,Kisumu Depot,Operations,Day,Fall From Height,Elevated work task had incomplete edge protection at Kisumu Depot.,Medical Treatment,True,False,False,False,3,5,True,59.3,91.2,1156,-0.0917,34.768,15
HSE-1011,2026-01-05,00:50,Wajir Depot,Logistics,Night,Near Miss,Near Miss event reported at Wajir Depot during night shift.,Near Miss,False,False,True,False,0,2,True,82.6,94.2,1294,1.7471,40.0573,0
HSE-1012,2026-01-06,23:10,Kisumu Depot,Operations,Night,Chemical Exposure,Chemical Exposure event reported at Kisumu Depot during night shift. Credible worst case could be life-altering.,Near Miss,False,False,True,True,4,5,True,100.0,91.0,1091,-0.0917,34.768,20
HSE-1013,2026-01-06,14:50,Mandera Depot,Operations,Day,Struck By,Struck By event reported at Mandera Depot during day shift.,Lost Time,True,False,False,False,3,1,True,89.7,94.9,989,3.9373,41.8569,3
HSE-1014,2026-01-07,09:10,Wajir Depot,Operations,Day,Fall From Height,Elevated work task had incomplete edge protection at Wajir Depot.,First Aid,True,True,False,False,5,2,True,51.6,95.1,874,1.7471,40.0573,10
HSE-1015,2026-01-08,17:00,Kisumu Depot,Operations,Day,Struck By,Struck By event reported at Kisumu Depot during day shift.,Lost Time,False,False,False,False,1,1,True,65.4,94.5,1281,-0.0917,34.768,1
HSE-1016,2026-01-08,06:50,Wajir Depot,Operations,Day,Slip / Trip,Worker slipped near transfer walkway at Wajir Depot during day shift.,Medical Treatment,True,False,False,False,2,2,True,93.1,85.9,1094,1.7471,40.0573,4
HSE-1017,2026-01-09,00:20,Wajir Depot,Maintenance,Night,Slip / Trip,Worker slipped near transfer walkway at Wajir Depot during night shift.,Restricted Work,False,False,False,False,1,3,True,94.1,91.9,1309,1.7471,40.0573,3
HSE-1018,2026-01-10,02:40,Nairobi Depot,Operations,Night,Struck By,Struck By event reported at Nairobi Depot during night shift.,First Aid,True,False,False,False,2,5,True,92.6,83.3,980,-1.2921,36.8219,10
HSE-1019,2026-01-10,23:50,Kisumu Depot,Operations,Night,Manual Handling,Manual Handling event reported at Kisumu Depot during night shift.,Medical Treatment,True,True,False,False,5,5,True,76.9,98.8,983,-0.0917,34.768,25
HSE-1020,2026-01-11,00:00,Mombasa Depot,Operations,Night,Struck By,Struck By event reported at Mombasa Depot during night shift.,Restricted Work,True,False,False,False,3,2,True,100.0,90.5,1104,-4.0435,39.6682,6
HSE-1021,2026-01-11,00:30,Kisumu Depot,Operations,Night,Slip / Trip,Worker slipped near transfer walkway at Kisumu Depot during night shift.,Restricted Work,True,True,False,False,4,3,False,90.0,83.9,1169,-0.0917,34.768,12
HSE-1022,2026-01-11,09:20,Kakamega Depot,Operations,Day,Fall From Height,Elevated work task had incomplete edge protection at Kakamega Depot.,Restricted Work,True,False,False,False,3,4,True,90.6,88.0,1169,0.2827,34.7519,12
HSE-1023,2026-01-12,01:20,Nyeri Depot,Maintenance,Night,Struck By,Struck By event reported at Nyeri Depot during night shift.,Restricted Work,True,False,False,False,2,3,False,69.0,86.9,1365,-0.4201,36.9476,6
HSE-1024,2026-01-12,07:10,Wajir Depot,Operations,Day,Slip / Trip,Worker slipped near transfer walkway at Wajir Depot during day shift.,Restricted Work,True,False,False,False,2,3,True,85.7,83.9,913,1.7471,40.0573,6
HSE-1025,2026-01-13,17:40,Mandera Depot,Operations,Day,Equipment Contact,Equipment Contact event reported at Mandera Depot during day shift. Credible worst case could be life-altering.,First Aid,True,False,False,True,3,1,False,100.0,87.6,906,3.9373,41.8569,3
HSE-1026,2026-01-14,01:40,Nairobi Depot,Operations,Night,Struck By,Struck By event reported at Nairobi Depot during night shift.,Medical Treatment,False,False,False,False,1,1,True,100.0,95.9,1336,-1.2921,36.8219,1
HSE-1027,2026-01-14,13:50,Wajir Depot,Maintenance,Day,Chemical Exposure,Chemical Exposure event reported at Wajir Depot during day shift.,First Aid,False,False,False,False,1,1,True,96.4,99.0,932,1.7471,40.0573,1
HSE-1028,2026-01-15,12:00,Kakamega Depot,Logistics,Day,Chemical Exposure,Chemical Exposure event reported at Kakamega Depot during day shift. Credible worst case could be life-altering.,Near Miss,False,True,True,True,3,4,True,65.6,83.0,1176,0.2827,34.7519,12
HSE-1029,2026-01-16,06:30,Kisumu Depot,Maintenance,Day,Manual Handling,Manual Handling event reported at Kisumu Depot during day shift.,First Aid,True,True,False,False,4,3,True,96.8,93.4,938,-0.0917,34.768,12
HSE-1030,2026-01-16,22:20,Wajir Depot,Operations,Night,Slip / Trip,Worker slipped near transfer walkway at Wajir Depot during night shift.,Medical Treatment,True,False,False,False,3,4,True,89.7,96.0,1166,1.7471,40.0573,12
HSE-1031,2026-01-16,23:30,Mandera Depot,Operations,Night,Manual Handling,Manual Handling event reported at Mandera Depot during night shift.,Lost Time,False,False,False,False,1,5,True,100.0,87.2,906,3.9373,41.8569,5
HSE-1032,2026-01-17,15:00,Mombasa Depot,Operations,Day,Equipment Contact,Equipment Contact event reported at Mombasa Depot during day shift.,Restricted Work,False,False,False,False,1,5,True,81.5,98.5,991,-4.0435,39.6682,5
HSE-1033,2026-01-17,23:50,Kisumu Depot,Maintenance,Night,Manual Handling,Manual Handling event reported at Kisumu Depot during night shift.,First Aid,True,False,False,False,2,2,True,74.2,94.6,1364,-0.0917,34.768,4
HSE-1034,2026-01-18,13:30,Wajir Depot,Logistics,Day,Near Miss,Near Miss event reported at Wajir Depot during day shift.,Near Miss,False,False,True,False,0,2,True,59.3,86.9,1030,1.7471,40.0573,0
HSE-1035,2026-01-19,00:00,Nairobi Depot,Operations,Night,Chemical Exposure,Chemical Exposure event reported at Nairobi Depot during night shift. Credible worst case could be life-altering.,First Aid,True,False,False,True,3,4,True,84.0,83.9,910,-1.2921,36.8219,12
HSE-1036,2026-01-19,22:40,Mandera Depot,Maintenance,Night,Slip / Trip,Worker slipped near transfer walkway at Mandera Depot during night shift.,Restricted Work,True,False,False,False,2,1,True,78.1,86.5,1383,3.9373,41.8569,2
HSE-1037,2026-01-20,06:30,Mombasa Depot,Maintenance,Day,Manual Handling,Manual Handling event reported at Mombasa Depot during day shift.,Restricted Work,False,False,False,False,1,3,True,67.7,93.1,1161,-4.0435,39.6682,3
HSE-1038,2026-01-20,01:40,Mandera Depot,Logistics,Night,Vehicle Interaction,Pedestrian entered forklift travel path at Mandera Depot during night shift. Credible worst case could be life-altering.,First Aid,True,True,False,True,5,1,True,88.9,82.6,957,3.9373,41.8569,5
HSE-1039,2026-01-21,18:50,Mombasa Depot,Maintenance,Day,Struck By,Struck By event reported at Mombasa Depot during day shift.,Restricted Work,True,True,False,False,4,5,True,74.1,93.3,1110,-4.0435,39.6682,20
HSE-1040,2026-01-21,07:00,Nyeri Depot,Operations,Day,Equipment Contact,Equipment Contact event reported at Nyeri Depot during day shift.,First Aid,True,False,False,False,3,5,True,82.8,91.4,1016,-0.4201,36.9476,15
HSE-1041,2026-01-21,17:30,Kakamega Depot,Maintenance,Day,Chemical Exposure,Chemical Exposure event reported at Kakamega Depot during day shift.,Medical Treatment,True,False,False,False,2,3,True,80.6,82.7,1267,0.2827,34.7519,6
HSE-1042,2026-01-21,12:50,Wajir Depot,Operations,Day,Equipment Contact,Equipment Contact event reported at Wajir Depot during day shift.,Medical Treatment,True,False,False,False,3,1,False,96.7,90.3,1344,1.7471,40.0573,3
HSE-1043,2026-01-22,02:40,Nyeri Depot,Utilities,Night,Fall From Height,Elevated work task had incomplete edge protection at Nyeri Depot.,Restricted Work,False,False,False,False,1,2,False,87.1,86.5,1120,-0.4201,36.9476,2
HSE-1044,2026-01-22,11:50,Kisumu Depot,Operations,Day,Manual Handling,Manual Handling event reported at Kisumu Depot during day shift.,First Aid,True,True,False,False,4,1,True,81.5,82.8,939,-0.0917,34.768,4
HSE-1045,2026-01-23,10:20,Wajir Depot,Maintenance,Day,Slip / Trip,Worker slipped near transfer walkway at Wajir Depot during day shift.,First Aid,True,False,False,False,2,2,True,82.1,96.2,1255,1.7471,40.0573,4
HSE-1046,2026-01-24,00:30,Nairobi Depot,Logistics,Night,Chemical Exposure,Chemical Exposure event reported at Nairobi Depot during night shift.,Near Miss,False,False,True,False,0,5,False,74.1,98.7,1399,-1.2921,36.8219,0
HSE-1047,2026-01-24,18:40,Mombasa Depot,Logistics,Day,Vehicle Interaction,Pedestrian entered forklift travel path at Mombasa Depot during day shift. Credible worst case could be life-altering.,First Aid,True,False,False,True,3,2,True,85.7,93.8,974,-4.0435,39.6682,6
HSE-1048,2026-01-24,11:00,Nyeri Depot,Operations,Day,Struck By,Struck By event reported at Nyeri Depot during day shift.,Medical Treatment,True,False,False,False,2,4,True,95.2,98.5,1124,-0.4201,36.9476,8
HSE-1049,2026-01-24,06:40,Kisumu Depot,Operations,Day,Near Miss,Near Miss event reported at Kisumu Depot during day shift.,Near Miss,False,False,True,False,0,2,True,95.5,99.0,1034,-0.0917,34.768,0
HSE-1050,2026-01-26,09:50,Wajir Depot,Maintenance,Day,Struck By,Struck By event reported at Wajir Depot during day shift.,First Aid,True,False,False,False,2,4,True,81.2,92.2,1231,1.7471,40.0573,8
HSE-1051,2026-01-27,06:50,Wajir Depot,Maintenance,Day,Slip / Trip,Worker slipped near transfer walkway at Wajir Depot during day shift.,Near Miss,False,False,True,False,0,4,True,91.3,84.9,1236,1.7471,40.0573,0
HSE-1052,2026-01-27,12:00,Mandera Depot,Operations,Day,Vehicle Interaction,Pedestrian entered forklift travel path at Mandera Depot during day shift.,Lost Time,True,False,False,False,2,3,True,93.5,93.4,1387,3.9373,41.8569,6
HSE-1053,2026-01-28,02:50,Nairobi Depot,Logistics,Night,Fall From Height,Elevated work task had incomplete edge protection at Nairobi Depot.,Near Miss,False,False,True,False,0,2,True,96.7,93.8,920,-1.2921,36.8219,0
HSE-1054,2026-01-28,17:00,Kisumu Depot,Operations,Day,Struck By,Struck By event reported at Kisumu Depot during day shift.,First Aid,False,False,False,False,1,4,True,87.5,87.6,1149,-0.0917,34.768,4
HSE-1055,2026-01-28,09:50,Mandera Depot,Logistics,Day,Slip / Trip,Worker slipped near transfer walkway at Mandera Depot during day shift.,Medical Treatment,True,True,False,False,4,2,True,80.0,82.7,877,3.9373,41.8569,8
HSE-1056,2026-01-29,17:40,Nairobi Depot,Operations,Day,Chemical Exposure,Chemical Exposure event reported at Nairobi Depot during day shift.,Lost Time,False,False,False,False,1,4,True,66.7,94.4,1028,-1.2921,36.8219,4
HSE-1057,2026-01-29,01:50,Mombasa Depot,Operations,Night,Manual Handling,Manual Handling event reported at Mombasa Depot during night shift.,Restricted Work,False,False,False,False,1,5,True,96.2,92.1,1245,-4.0435,39.6682,5
HSE-1058,2026-01-29,22:10,Kakamega Depot,Utilities,Night,Slip / Trip,Worker slipped near transfer walkway at Kakamega Depot during night shift.,First Aid,False,False,False,False,1,2,True,61.3,93.1,1027,0.2827,34.7519,2
HSE-1059,2026-01-29,02:40,Wajir Depot,Logistics,Night,Chemical Exposure,Chemical Exposure event reported at Wajir Depot during night shift. Credible worst case could be life-altering.,Lost Time,True,True,False,True,4,2,True,88.9,92.6,994,1.7471,40.0573,8
HSE-1060,2026-01-30,18:50,Mombasa Depot,Maintenance,Day,Fall From Height,Elevated work task had incomplete edge protection at Mombasa Depot.,Restricted Work,True,False,False,False,2,2,True,73.3,94.4,853,-4.0435,39.6682,4
HSE-1061,2026-01-30,16:10,Nyeri Depot,Maintenance,Day,Manual Handling,Manual Handling event reported at Nyeri Depot during day shift.,Lost Time,True,False,False,False,2,5,True,85.2,87.0,994,-0.4201,36.9476,10
HSE-1062,2026-01-31,18:50,Nairobi Depot,Maintenance,Day,Equipment Contact,Equipment Contact event reported at Nairobi Depot during day shift.,First Aid,True,True,False,False,4,4,True,87.5,85.3,1210,-1.2921,36.8219,16
HSE-1063,2026-01-31,02:20,Mandera Depot,Operations,Night,Struck By,Struck By event reported at Mandera Depot during night shift.,First Aid,False,False,False,False,1,1,False,58.1,93.4,907,3.9373,41.8569,1
HSE-1064,2026-02-01,23:00,Nairobi Depot,Operations,Night,Manual Handling,Manual Handling event reported at Nairobi Depot during night shift.,Medical Treatment,True,False,False,False,3,4,True,71.4,97.6,1288,-1.2921,36.8219,12
HSE-1065,2026-02-02,22:50,Nairobi Depot,Maintenance,Night,Manual Handling,Manual Handling event reported at Nairobi Depot during night shift.,Medical Treatment,False,False,False,False,1,4,True,65.4,98.8,1164,-1.2921,36.8219,4
HSE-1066,2026-02-02,13:20,Kisumu Depot,Logistics,Day,Slip / Trip,Worker slipped near transfer walkway at Kisumu Depot during day shift.,Near Miss,False,False,True,False,0,2,True,76.7,98.0,1123,-0.0917,34.768,0
HSE-1067,2026-02-02,23:40,Kakamega Depot,Operations,Night,Fall From Height,Elevated work task had incomplete edge protection at Kakamega Depot.,Near Miss,False,False,True,False,0,5,True,95.8,96.8,1390,0.2827,34.7519,0
HSE-1068,2026-02-03,17:20,Nairobi Depot,Operations,Day,Struck By,Struck By event reported at Nairobi Depot during day shift.,Medical Treatment,True,False,False,False,2,3,True,96.4,92.5,1132,-1.2921,36.8219,6
HSE-1069,2026-02-03,18:50,Kisumu Depot,Maintenance,Day,Vehicle Interaction,Pedestrian entered forklift travel path at Kisumu Depot during day shift. Credible worst case could be life-altering.,Near Miss,False,False,True,True,3,3,True,81.5,82.5,959,-0.0917,34.768,9
HSE-1070,2026-02-03,23:10,Wajir Depot,Operations,Night,Struck By,Struck By event reported at Wajir Depot during night shift.,Near Miss,False,False,True,False,0,2,True,86.2,95.9,924,1.7471,40.0573,0
HSE-1071,2026-02-04,10:20,Mombasa Depot,Maintenance,Day,Near Miss,Near Miss event reported at Mombasa Depot during day shift.,Near Miss,False,False,True,False,0,3,True,93.1,93.2,1117,-4.0435,39.6682,0
HSE-1072,2026-02-04,01:40,Nyeri Depot,Logistics,Night,Equipment Contact,Equipment Contact event reported at Nyeri Depot during night shift.,Near Miss,False,False,True,False,0,5,True,58.6,92.3,1248,-0.4201,36.9476,0
HSE-1073,2026-02-04,18:30,Kakamega Depot,Operations,Day,Struck By,Struck By event reported at Kakamega Depot during day shift.,Restricted Work,True,True,False,False,4,4,True,96.6,97.2,1081,0.2827,34.7519,16
HSE-1074,2026-02-04,18:40,Wajir Depot,Maintenance,Day,Equipment Contact,Equipment Contact event reported at Wajir Depot during day shift. Credible worst case could be life-altering.,Medical Treatment,True,True,False,True,5,5,False,61.3,82.3,915,1.7471,40.0573,25
HSE-1075,2026-02-04,06:20,Mandera Depot,Logistics,Day,Manual Handling,Manual Handling event reported at Mandera Depot during day shift.,Restricted Work,False,False,False,False,1,2,True,62.5,90.5,1236,3.9373,41.8569,2
HSE-1076,2026-02-05,10:00,Nairobi Depot,Maintenance,Day,Equipment Contact,Equipment Contact event reported at Nairobi Depot during day shift.,First Aid,True,True,False,False,3,4,True,93.3,82.1,900,-1.2921,36.8219,12
HSE-1077,2026-02-05,00:10,Mombasa Depot,Operations,Night,Equipment Contact,Equipment Contact event reported at Mombasa Depot during night shift. Credible worst case could be life-altering.,Near Miss,False,False,True,True,5,1,True,72.0,93.4,1069,-4.0435,39.6682,5
HSE-1078,2026-02-05,15:40,Kisumu Depot,Logistics,Day,Struck By,Struck By event reported at Kisumu Depot during day shift.,Near Miss,False,False,True,False,0,4,True,93.3,93.3,854,-0.0917,34.768,0
HSE-1079,2026-02-05,01:10,Kakamega Depot,Operations,Night,Chemical Exposure,Chemical Exposure event reported at Kakamega Depot during night shift.,Medical Treatment,False,False,False,False,1,2,True,82.8,98.3,1168,0.2827,34.7519,2
HSE-1080,2026-02-05,14:00,Mandera Depot,Utilities,Day,Vehicle Interaction,Pedestrian entered forklift travel path at Mandera Depot during day shift. Credible worst case could be life-altering.,Near Miss,False,False,True,True,3,2,True,71.4,90.1,1287,3.9373,41.8569,6
HSE-1081,2026-02-06,16:30,Nairobi Depot,Utilities,Day,Slip / Trip,Worker slipped near transfer walkway at Nairobi Depot during day shift.,First Aid,True,False,False,False,2,2,True,80.0,98.1,1305,-1.2921,36.8219,4
HSE-1082,2026-02-07,16:00,Mombasa Depot,Maintenance,Day,Slip / Trip,Worker slipped near transfer walkway at Mombasa Depot during day shift.,Medical Treatment,False,False,False,False,1,4,True,90.9,92.7,1392,-4.0435,39.6682,4
HSE-1083,2026-02-07,22:30,Kakamega Depot,Maintenance,Night,Slip / Trip,Worker slipped near transfer walkway at Kakamega Depot during night shift.,First Aid,True,False,False,False,2,5,True,77.8,94.3,1112,0.2827,34.7519,10
HSE-1084,2026-02-07,16:30,Wajir Depot,Maintenance,Day,Slip / Trip,Worker slipped near transfer walkway at Wajir Depot during day shift.,Lost Time,False,False,False,False,1,2,True,62.1,97.6,1166,1.7471,40.0573,2
HSE-1085,2026-02-08,22:40,Nairobi Depot,Operations,Night,Slip / Trip,Worker slipped near transfer walkway at Nairobi Depot during night shift.,Medical Treatment,True,False,False,False,2,2,True,100.0,82.4,1106,-1.2921,36.8219,4
HSE-1086,2026-02-08,08:20,Nyeri Depot,Operations,Day,Fall From Height,Elevated work task had incomplete edge protection at Nyeri Depot.,Restricted Work,True,False,False,False,2,3,True,87.1,89.9,887,-0.4201,36.9476,6
HSE-1087,2026-02-08,22:10,Kakamega Depot,Maintenance,Night,Slip / Trip,Worker slipped near transfer walkway at Kakamega Depot during night shift.,First Aid,True,True,False,False,5,4,False,100.0,85.1,1164,0.2827,34.7519,20
HSE-1088,2026-02-08,22:30,Mandera Depot,Operations,Night,Vehicle Interaction,Pedestrian entered forklift travel path at Mandera Depot during night shift.,Medical Treatment,True,False,False,False,3,4,True,100.0,88.1,948,3.9373,41.8569,12
HSE-1089,2026-02-09,12:30,Mombasa Depot,Logistics,Day,Vehicle Interaction,Pedestrian entered forklift travel path at Mombasa Depot during day shift. Credible worst case could be life-altering.,First Aid,True,False,False,True,3,5,True,93.5,89.1,1262,-4.0435,39.6682,15
HSE-1090,2026-02-09,23:10,Nyeri Depot,Maintenance,Night,Struck By,Struck By event reported at Nyeri Depot during night shift.,Medical Treatment,False,False,False,False,1,5,True,78.1,85.5,1065,-0.4201,36.9476,5
HSE-1091,2026-02-09,06:10,Kakamega Depot,Operations,Day,Slip / Trip,Worker slipped near transfer walkway at Kakamega Depot during day shift.,Near Miss,False,False,True,False,0,5,True,81.5,88.9,1074,0.2827,34.7519,0
HSE-1092,2026-02-09,07:20,Wajir Depot,Logistics,Day,Equipment Contact,Equipment Contact event reported at Wajir Depot during day shift. Credible worst case could be life-altering.,Near Miss,False,False,True,True,5,1,True,78.6,96.2,1006,1.7471,40.0573,5
HSE-1093,2026-02-10,12:10,Nairobi Depot,Logistics,Day,Slip / Trip,Worker slipped near transfer walkway at Nairobi Depot during day shift.,Near Miss,False,False,True,False,0,4,True,90.0,87.0,1279,-1.2921,36.8219,0
HSE-1094,2026-02-10,06:30,Mombasa Depot,Maintenance,Day,Slip / Trip,Worker slipped near transfer walkway at Mombasa Depot during day shift.,First Aid,True,True,False,False,5,3,True,100.0,90.7,882,-4.0435,39.6682,15
HSE-1095,2026-02-10,12:40,Kakamega Depot,Utilities,Day,Vehicle Interaction,Pedestrian entered forklift travel path at Kakamega Depot during day shift.,Restricted Work,True,False,False,False,2,3,True,79.3,98.3,1018,0.2827,34.7519,6
HSE-1096,2026-02-10,12:20,Wajir Depot,Maintenance,Day,Near Miss,Near Miss event reported at Wajir Depot during day shift.,Near Miss,False,False,True,False,0,1,True,53.1,82.1,1214,1.7471,40.0573,0
HSE-1097,2026-02-11,02:30,Nairobi Depot,Logistics,Night,Equipment Contact,Equipment Contact event reported at Nairobi Depot during night shift. Credible worst case could be life-altering.,Restricted Work,True,True,False,True,4,3,True,80.0,98.0,1088,-1.2921,36.8219,12
HSE-1098,2026-02-11,07:40,Mombasa Depot,Operations,Day,Vehicle Interaction,Pedestrian entered forklift travel path at Mombasa Depot during day shift.,Restricted Work,False,False,False,False,1,1,True,90.3,83.5,1279,-4.0435,39.6682,1
HSE-1099,2026-02-11,08:00,Nyeri Depot,Logistics,Day,Fall From Height,Elevated work task had incomplete edge protection at Nyeri Depot. Credible worst case could be life-altering.,Near Miss,False,False,True,True,4,3,True,68.0,95.9,1116,-0.4201,36.9476,12
HSE-1100,2026-02-12,22:50,Nairobi Depot,Maintenance,Night,Near Miss,Near Miss event reported at Nairobi Depot during night shift.,Near Miss,False,False,True,False,0,2,True,85.7,85.2,888,-1.2921,36.8219,0
HSE-1101,2026-02-12,22:20,Nyeri Depot,Operations,Night,Manual Handling,Manual Handling event reported at Nyeri Depot during night shift.,Medical Treatment,True,True,False,False,5,1,True,95.0,96.2,1359,-0.4201,36.9476,5
HSE-1102,2026-02-12,14:20,Kakamega Depot,Utilities,Day,Struck By,Struck By event reported at Kakamega Depot during day shift.,Restricted Work,False,False,False,False,1,5,True,75.0,86.2,1288,0.2827,34.7519,5
HSE-1103,2026-02-12,18:30,Wajir Depot,Operations,Day,Manual Handling,Manual Handling event reported at Wajir Depot during day shift.,First Aid,False,False,False,False,1,2,True,100.0,83.8,1038,1.7471,40.0573,2
HSE-1104,2026-02-12,11:20,Mandera Depot,Utilities,Day,Vehicle Interaction,Pedestrian entered forklift travel path at Mandera Depot during day shift. Credible worst case could be life-altering.,Near Miss,False,False,True,True,4,3,True,80.0,89.2,876,3.9373,41.8569,12
HSE-1105,2026-02-13,02:50,Mandera Depot,Operations,Night,Slip / Trip,Worker slipped near transfer walkway at Mandera Depot during night shift.,Medical Treatment,True,False,False,False,2,3,True,100.0,94.8,1135,3.9373,41.8569,6
HSE-1106,2026-02-14,00:50,Nairobi Depot,Operations,Night,Slip / Trip,Worker slipped near transfer walkway at Nairobi Depot during night shift.,First Aid,False,False,False,False,1,4,False,95.8,98.7,1060,-1.2921,36.8219,4
HSE-1107,2026-02-14,14:30,Kisumu Depot,Operations,Day,Equipment Contact,Equipment Contact event reported at Kisumu Depot during day shift. Credible worst case could be life-altering.,Restricted Work,True,False,False,True,3,2,True,72.4,96.0,972,-0.0917,34.768,6
HSE-1108,2026-02-14,14:20,Kakamega Depot,Logistics,Day,Manual Handling,Manual Handling event reported at Kakamega Depot during day shift.,Restricted Work,False,False,False,False,1,4,True,53.3,91.3,1063,0.2827,34.7519,4
HSE-1109,2026-02-15,12:20,Nairobi Depot,Logistics,Day,Equipment Contact,Equipment Contact event reported at Nairobi Depot during day shift. Credible worst case could be life-altering.,Near Miss,False,False,True,True,3,2,True,74.2,87.6,876,-1.2921,36.8219,6
HSE-1110,2026-02-15,11:40,Kisumu Depot,Logistics,Day,Manual Handling,Manual Handling event reported at Kisumu Depot during day shift.,Restricted Work,False,False,False,False,1,4,True,92.0,94.5,1017,-0.0917,34.768,4
HSE-1111,2026-02-15,14:00,Kakamega Depot,Maintenance,Day,Manual Handling,Manual Handling event reported at Kakamega Depot during day shift.,Lost Time,True,False,False,False,2,3,True,90.0,96.5,1313,0.2827,34.7519,6
HSE-1112,2026-02-15,16:00,Wajir Depot,Operations,Day,Vehicle Interaction,Pedestrian entered forklift travel path at Wajir Depot during day shift.,Lost Time,True,False,False,False,2,5,True,53.3,87.3,1219,1.7471,40.0573,10
HSE-1113,2026-02-16,18:30,Nairobi Depot,Logistics,Day,Equipment Contact,Equipment Contact event reported at Nairobi Depot during day shift. Credible worst case could be life-altering.,Medical Treatment,True,True,False,True,5,4,True,100.0,88.2,952,-1.2921,36.8219,20
HSE-1114,2026-02-16,01:30,Mombasa Depot,Logistics,Night,Near Miss,Near Miss event reported at Mombasa Depot during night shift.,Near Miss,False,False,True,False,0,5,True,100.0,90.4,1309,-4.0435,39.6682,0
HSE-1115,2026-02-17,11:50,Nairobi Depot,Logistics,Day,Manual Handling,Manual Handling event reported at Nairobi Depot during day shift.,First Aid,False,False,False,False,1,5,True,66.7,92.4,1163,-1.2921,36.8219,5
HSE-1116,2026-02-17,00:20,Nyeri Depot,Maintenance,Night,Near Miss,Near Miss event reported at Nyeri Depot during night shift.,Near Miss,False,False,True,False,0,4,True,93.8,89.1,1017,-0.4201,36.9476,0
HSE-1117,2026-02-17,02:50,Kisumu Depot,Logistics,Night,Manual Handling,Manual Handling event reported at Kisumu Depot during night shift.,Restricted Work,True,False,False,False,3,5,True,76.7,89.3,1319,-0.0917,34.768,15
HSE-1118,2026-02-17,16:10,Kakamega Depot,Logistics,Day,Struck By,Struck By event reported at Kakamega Depot during day shift.,Medical Treatment,False,False,False,False,1,4,True,82.8,86.6,873,0.2827,34.7519,4
HSE-1119,2026-02-17,18:00,Wajir Depot,Operations,Day,Manual Handling,Manual Handling event reported at Wajir Depot during day shift.,Medical Treatment,True,False,False,False,3,1,True,80.0,84.0,1293,1.7471,40.0573,3
HSE-1120,2026-02-18,00:00,Kakamega Depot,Maintenance,Night,Fall From Height,Elevated work task had incomplete edge protection at Kakamega Depot.,Restricted Work,True,False,False,False,3,1,True,96.8,84.3,863,0.2827,34.7519,3
HSE-1121,2026-02-19,14:30,Kisumu Depot,Operations,Day,Slip / Trip,Worker slipped near transfer walkway at Kisumu Depot during day shift.,Medical Treatment,True,False,False,False,2,4,True,96.8,98.2,1132,-0.0917,34.768,8
HSE-1122,2026-02-20,10:10,Nairobi Depot,Logistics,Day,Manual Handling,Manual Handling event reported at Nairobi Depot during day shift.,Medical Treatment,True,True,False,False,3,4,True,84.4,87.4,1360,-1.2921,36.8219,12
HSE-1123,2026-02-20,18:10,Mombasa Depot,Logistics,Day,Manual Handling,Manual Handling event reported at Mombasa Depot during day shift.,Near Miss,False,False,True,False,0,1,True,71.9,96.7,1326,-4.0435,39.6682,0
HSE-1124,2026-02-20,01:30,Wajir Depot,Utilities,Night,Slip / Trip,Worker slipped near transfer walkway at Wajir Depot during night shift.,Near Miss,False,False,True,False,0,2,True,83.3,82.2,1331,1.7471,40.0573,0
HSE-1125,2026-02-21,23:00,Nairobi Depot,Maintenance,Night,Slip / Trip,Worker slipped near transfer walkway at Nairobi Depot during night shift.,First Aid,True,False,False,False,2,5,True,96.6,84.2,860,-1.2921,36.8219,10
HSE-1126,2026-02-21,22:00,Kisumu Depot,Logistics,Night,Struck By,Struck By event reported at Kisumu Depot during night shift.,Lost Time,False,False,False,False,1,3,True,89.7,94.2,915,-0.0917,34.768,3
HSE-1127,2026-02-21,07:00,Kakamega Depot,Logistics,Day,Struck By,Struck By event reported at Kakamega Depot during day shift.,Lost Time,True,True,False,False,5,1,True,78.1,94.3,1338,0.2827,34.7519,5
HSE-1128,2026-02-21,13:20,Wajir Depot,Operations,Day,Manual Handling,Manual Handling event reported at Wajir Depot during day shift.,First Aid,True,False,False,False,2,5,True,78.6,92.9,932,1.7471,40.0573,10
HSE-1129,2026-02-22,17:10,Wajir Depot,Operations,Day,Chemical Exposure,Chemical Exposure event reported at Wajir Depot during day shift.,Medical Treatment,False,False,False,False,1,5,False,96.8,93.9,1088,1.7471,40.0573,5
HSE-1130,2026-02-23,08:30,Nairobi Depot,Maintenance,Day,Vehicle Interaction,Pedestrian entered forklift travel path at Nairobi Depot during day shift. Credible worst case could be life-altering.,Near Miss,False,False,True,True,5,2,True,84.0,92.6,1362,-1.2921,36.8219,10
HSE-1131,2026-02-24,12:50,Nairobi Depot,Operations,Day,Slip / Trip,Worker slipped near transfer walkway at Nairobi Depot during day shift.,Near Miss,False,False,True,False,0,2,True,76.7,92.9,1068,-1.2921,36.8219,0
HSE-1132,2026-02-24,16:40,Mombasa Depot,Operations,Day,Chemical Exposure,Chemical Exposure event reported at Mombasa Depot during day shift.,Restricted Work,True,True,False,False,5,5,True,100.0,92.9,1336,-4.0435,39.6682,25
HSE-1133,2026-02-24,17:40,Kisumu Depot,Maintenance,Day,Manual Handling,Manual Handling event reported at Kisumu Depot during day shift.,First Aid,True,False,False,False,3,4,True,53.3,94.7,1130,-0.0917,34.768,12
HSE-1134,2026-02-24,07:00,Kakamega Depot,Operations,Day,Near Miss,Near Miss event reported at Kakamega Depot during day shift.,Near Miss,False,False,True,False,0,5,True,80.6,95.3,1058,0.2827,34.7519,0
HSE-1135,2026-02-25,12:40,Nairobi Depot,Logistics,Day,Slip / Trip,Worker slipped near transfer walkway at Nairobi Depot during day shift.,Medical Treatment,False,False,False,False,1,1,True,87.5,84.3,1345,-1.2921,36.8219,1
HSE-1136,2026-02-25,00:50,Mombasa Depot,Utilities,Night,Equipment Contact,Equipment Contact event reported at Mombasa Depot during night shift.,Medical Treatment,False,False,False,False,1,1,True,90.6,94.3,969,-4.0435,39.6682,1
HSE-1137,2026-02-25,02:40,Wajir Depot,Utilities,Night,Slip / Trip,Worker slipped near transfer walkway at Wajir Depot during night shift.,Medical Treatment,False,False,False,False,1,3,True,77.8,98.6,1104,1.7471,40.0573,3
HSE-1138,2026-02-26,00:00,Kisumu Depot,Operations,Night,Struck By,Struck By event reported at Kisumu Depot during night shift.,Restricted Work,False,False,False,False,1,4,True,93.5,98.9,974,-0.0917,34.768,4
HSE-1139,2026-02-27,00:20,Nairobi Depot,Maintenance,Night,Slip / Trip,Worker slipped near transfer walkway at Nairobi Depot during night shift.,Medical Treatment,True,True,False,False,4,5,True,86.7,98.4,854,-1.2921,36.8219,20
HSE-1140,2026-02-27,08:10,Mombasa Depot,Maintenance,Day,Manual Handling,Manual Handling event reported at Mombasa Depot during day shift.,Medical Treatment,True,False,False,False,2,3,True,95.0,88.0,1000,-4.0435,39.6682,6
HSE-1141,2026-02-28,08:10,Nairobi Depot,Operations,Day,Manual Handling,Manual Handling event reported at Nairobi Depot during day shift.,Restricted Work,True,True,False,False,4,2,True,83.9,85.4,879,-1.2921,36.8219,8
HSE-1142,2026-02-28,22:50,Mombasa Depot,Maintenance,Night,Slip / Trip,Worker slipped near transfer walkway at Mombasa Depot during night shift.,Near Miss,False,False,True,False,0,3,True,76.7,91.2,1079,-4.0435,39.6682,0
HSE-1143,2026-02-28,13:10,Kisumu Depot,Logistics,Day,Manual Handling,Manual Handling event reported at Kisumu Depot during day shift.,Restricted Work,True,False,False,False,2,1,False,96.6,84.9,1380,-0.0917,34.768,2
HSE-1144,2026-02-28,10:40,Kakamega Depot,Maintenance,Day,Manual Handling,Manual Handling event reported at Kakamega Depot during day shift.,Medical Treatment,True,False,False,False,3,4,True,100.0,97.4,1341,0.2827,34.7519,12
HSE-1145,2026-02-28,06:50,Wajir Depot,Operations,Day,Struck By,Struck By event reported at Wajir Depot during day shift.,Medical Treatment,True,False,False,False,2,3,True,89.7,83.2,1347,1.7471,40.0573,6
HSE-1146,2026-03-01,00:40,Nairobi Depot,Operations,Night,Vehicle Interaction,Pedestrian entered forklift travel path at Nairobi Depot during night shift. Credible worst case could be life-altering.,Near Miss,False,False,True,True,5,3,True,84.0,89.0,1378,-1.2921,36.8219,15
HSE-1147,2026-03-01,14:00,Nyeri Depot,Operations,Day,Slip / Trip,Worker slipped near transfer walkway at Nyeri Depot during day shift.,Lost Time,False,False,False,False,1,2,True,100.0,93.1,1241,-0.4201,36.9476,2
HSE-1148,2026-03-01,11:40,Kisumu Depot,Operations,Day,Manual Handling,Manual Handling event reported at Kisumu Depot during day shift.,Medical Treatment,True,True,False,False,3,3,True,76.2,84.9,903,-0.0917,34.768,9
HSE-1149,2026-03-01,06:10,Kakamega Depot,Logistics,Day,Manual Handling,Manual Handling event reported at Kakamega Depot during day shift.,Near Miss,False,False,True,False,0,2,True,82.8,86.4,1109,0.2827,34.7519,0
HSE-1150,2026-03-01,02:40,Mandera Depot,Operations,Night,Near Miss,Near Miss event reported at Mandera Depot during night shift.,Near Miss,False,False,True,False,0,4,True,56.2,98.5,862,3.9373,41.8569,0
HSE-1151,2026-03-02,01:40,Nairobi Depot,Maintenance,Night,Near Miss,Near Miss event reported at Nairobi Depot during night shift.,Near Miss,False,False,True,False,0,2,True,96.3,82.7,1005,-1.2921,36.8219,0
HSE-1152,2026-03-02,15:10,Kisumu Depot,Operations,Day,Chemical Exposure,Chemical Exposure event reported at Kisumu Depot during day shift. Credible worst case could be life-altering.,First Aid,True,False,False,True,3,1,True,93.3,88.8,893,-0.0917,34.768,3
HSE-1153,2026-03-02,14:10,Wajir Depot,Utilities,Day,Slip / Trip,Worker slipped near transfer walkway at Wajir Depot during day shift.,Near Miss,False,False,True,False,0,3,True,93.8,90.2,941,1.7471,40.0573,0
HSE-1154,2026-03-03,06:00,Nyeri Depot,Logistics,Day,Equipment Contact,Equipment Contact event reported at Nyeri Depot during day shift.,First Aid,True,True,False,False,4,5,True,81.2,90.2,1116,-0.4201,36.9476,20
HSE-1155,2026-03-03,00:50,Kisumu Depot,Logistics,Night,Slip / Trip,Worker slipped near transfer walkway at Kisumu Depot during night shift.,Medical Treatment,True,False,False,False,2,3,True,71.0,83.0,1258,-0.0917,34.768,6
HSE-1156,2026-03-03,10:20,Wajir Depot,Logistics,Day,Manual Handling,Manual Handling event reported at Wajir Depot during day shift.,Medical Treatment,True,False,False,False,3,5,False,65.5,95.8,1217,1.7471,40.0573,15
HSE-1157,2026-03-03,09:30,Mandera Depot,Logistics,Day,Manual Handling,Manual Handling event reported at Mandera Depot during day shift.,First Aid,True,True,False,False,5,3,False,69.2,90.4,1171,3.9373,41.8569,15
HSE-1158,2026-03-04,15:30,Mandera Depot,Maintenance,Day,Struck By,Struck By event reported at Mandera Depot during day shift.,Restricted Work,True,True,False,False,4,4,True,93.8,96.6,1167,3.9373,41.8569,16
HSE-1159,2026-03-05,15:40,Mombasa Depot,Logistics,Day,Near Miss,Near Miss event reported at Mombasa Depot during day shift.,Near Miss,False,False,True,False,0,3,True,100.0,97.5,1333,-4.0435,39.6682,0
HSE-1160,2026-03-05,23:30,Nyeri Depot,Maintenance,Night,Manual Handling,Manual Handling event reported at Nyeri Depot during night shift.,Restricted Work,True,False,False,False,3,2,True,59.4,96.6,1252,-0.4201,36.9476,6
HSE-1161,2026-03-05,06:50,Kisumu Depot,Operations,Day,Struck By,Struck By event reported at Kisumu Depot during day shift.,Near Miss,False,False,True,False,0,5,True,54.8,94.6,885,-0.0917,34.768,0
HSE-1162,2026-03-06,18:40,Nairobi Depot,Utilities,Day,Near Miss,Near Miss event reported at Nairobi Depot during day shift.,Near Miss,False,False,True,False,0,5,True,100.0,87.7,1347,-1.2921,36.8219,0
HSE-1163,2026-03-06,06:30,Mombasa Depot,Maintenance,Day,Slip / Trip,Worker slipped near transfer walkway at Mombasa Depot during day shift.,Medical Treatment,False,False,False,False,1,2,True,68.0,97.4,1056,-4.0435,39.6682,2
HSE-1164,2026-03-06,02:00,Kakamega Depot,Operations,Night,Manual Handling,Manual Handling event reported at Kakamega Depot during night shift.,Medical Treatment,False,False,False,False,1,4,False,76.0,91.0,1256,0.2827,34.7519,4
HSE-1165,2026-03-07,22:20,Mombasa Depot,Operations,Night,Slip / Trip,Worker slipped near transfer walkway at Mombasa Depot during night shift.,First Aid,False,False,False,False,1,5,True,54.8,83.2,1047,-4.0435,39.6682,5
HSE-1166,2026-03-07,06:30,Kisumu Depot,Logistics,Day,Manual Handling,Manual Handling event reported at Kisumu Depot during day shift.,First Aid,True,False,False,False,3,4,False,75.0,97.5,918,-0.0917,34.768,12
HSE-1167,2026-03-07,18:50,Kakamega Depot,Logistics,Day,Manual Handling,Manual Handling event reported at Kakamega Depot during day shift.,Lost Time,True,False,False,False,3,5,True,82.8,83.6,1120,0.2827,34.7519,15
HSE-1168,2026-03-07,18:50,Mandera Depot,Operations,Day,Slip / Trip,Worker slipped near transfer walkway at Mandera Depot during day shift.,Near Miss,False,False,True,False,0,5,True,82.8,92.5,1175,3.9373,41.8569,0
HSE-1169,2026-03-08,17:30,Mombasa Depot,Operations,Day,Chemical Exposure,Chemical Exposure event reported at Mombasa Depot during day shift.,Near Miss,False,False,True,False,0,3,True,88.9,84.9,1041,-4.0435,39.6682,0
HSE-1170,2026-03-08,06:50,Nyeri Depot,Logistics,Day,Near Miss,Near Miss event reported at Nyeri Depot during day shift.,Near Miss,False,False,True,False,0,1,True,87.1,94.0,867,-0.4201,36.9476,0
HSE-1171,2026-03-08,12:50,Kisumu Depot,Operations,Day,Chemical Exposure,Chemical Exposure event reported at Kisumu Depot during day shift. Credible worst case could be life-altering.,Medical Treatment,True,True,False,True,4,1,True,72.7,93.6,905,-0.0917,34.768,4
HSE-1172,2026-03-08,02:20,Kakamega Depot,Logistics,Night,Slip / Trip,Worker slipped near transfer walkway at Kakamega Depot during night shift.,Medical Treatment,False,False,False,False,1,2,True,100.0,96.1,1168,0.2827,34.7519,2
HSE-1173,2026-03-08,16:40,Wajir Depot,Operations,Day,Manual Handling,Manual Handling event reported at Wajir Depot during day shift.,Medical Treatment,True,False,False,False,2,1,True,93.5,83.9,1272,1.7471,40.0573,2
HSE-1174,2026-03-08,18:40,Mandera Depot,Logistics,Day,Slip / Trip,Worker slipped near transfer walkway at Mandera Depot during day shift.,Near Miss,False,False,True,False,0,5,True,58.6,95.8,1209,3.9373,41.8569,0
HSE-1175,2026-03-09,11:20,Kakamega Depot,Maintenance,Day,Vehicle Interaction,Pedestrian entered forklift travel path at Kakamega Depot during day shift.,Medical Treatment,True,False,False,False,2,3,True,90.0,95.7,1010,0.2827,34.7519,6
HSE-1176,2026-03-09,13:00,Wajir Depot,Maintenance,Day,Struck By,Struck By event reported at Wajir Depot during day shift.,First Aid,False,False,False,False,1,5,False,100.0,92.6,1202,1.7471,40.0573,5
HSE-1177,2026-03-10,09:00,Mombasa Depot,Operations,Day,Chemical Exposure,Chemical Exposure event reported at Mombasa Depot during day shift. Credible worst case could be life-altering.,Medical Treatment,True,True,False,True,5,5,True,90.0,94.7,1300,-4.0435,39.6682,25
HSE-1178,2026-03-10,13:20,Nyeri Depot,Operations,Day,Struck By,Struck By event reported at Nyeri Depot during day shift.,Near Miss,False,False,True,False,0,5,True,89.7,89.2,1356,-0.4201,36.9476,0
HSE-1179,2026-03-10,01:30,Kisumu Depot,Operations,Night,Vehicle Interaction,Pedestrian entered forklift travel path at Kisumu Depot during night shift.,Restricted Work,False,False,False,False,1,4,True,85.0,94.4,1286,-0.0917,34.768,4
HSE-1180,2026-03-10,18:30,Kakamega Depot,Operations,Day,Manual Handling,Manual Handling event reported at Kakamega Depot during day shift.,First Aid,True,False,False,False,3,4,True,100.0,92.3,1064,0.2827,34.7519,12
HSE-1181,2026-03-11,23:20,Nairobi Depot,Operations,Night,Chemical Exposure,Chemical Exposure event reported at Nairobi Depot during night shift.,First Aid,False,False,False,False,1,3,True,100.0,91.8,974,-1.2921,36.8219,3
HSE-1182,2026-03-11,23:30,Mombasa Depot,Utilities,Night,Chemical Exposure,Chemical Exposure event reported at Mombasa Depot during night shift. Credible worst case could be life-altering.,Restricted Work,True,True,False,True,4,4,True,96.2,95.0,1287,-4.0435,39.6682,16
HSE-1183,2026-03-11,09:30,Nyeri Depot,Logistics,Day,Vehicle Interaction,Pedestrian entered forklift travel path at Nyeri Depot during day shift. Credible worst case could be life-altering.,First Aid,True,True,False,True,4,1,True,100.0,88.2,1162,-0.4201,36.9476,4
HSE-1184,2026-03-11,12:20,Kisumu Depot,Operations,Day,Vehicle Interaction,Pedestrian entered forklift travel path at Kisumu Depot during day shift.,Medical Treatment,True,False,False,False,2,3,True,70.0,95.5,894,-0.0917,34.768,6
HSE-1185,2026-03-12,01:20,Mombasa Depot,Logistics,Night,Fall From Height,Elevated work task had incomplete edge protection at Mombasa Depot. Credible worst case could be life-altering.,First Aid,True,True,False,True,5,5,True,64.0,94.9,1247,-4.0435,39.6682,25
HSE-1186,2026-03-12,13:30,Kisumu Depot,Operations,Day,Struck By,Struck By event reported at Kisumu Depot during day shift.,First Aid,True,False,False,False,3,3,True,81.5,89.3,1256,-0.0917,34.768,9
HSE-1187,2026-03-13,02:50,Nairobi Depot,Logistics,Night,Slip / Trip,Worker slipped near transfer walkway at Nairobi Depot during night shift. Credible worst case could be life-altering.,Near Miss,False,False,True,True,5,1,True,100.0,96.3,1383,-1.2921,36.8219,5
HSE-1188,2026-03-13,08:50,Kisumu Depot,Maintenance,Day,Manual Handling,Manual Handling event reported at Kisumu Depot during day shift.,Lost Time,True,True,False,False,4,5,True,91.7,86.6,1024,-0.0917,34.768,20
HSE-1189,2026-03-13,17:20,Kakamega Depot,Utilities,Day,Chemical Exposure,Chemical Exposure event reported at Kakamega Depot during day shift. Credible worst case could be life-altering.,Medical Treatment,True,True,False,True,5,2,True,87.5,92.0,1066,0.2827,34.7519,10
HSE-1190,2026-03-13,17:10,Wajir Depot,Operations,Day,Near Miss,Near Miss event reported at Wajir Depot during day shift.,Near Miss,False,False,True,False,0,3,True,85.0,85.0,1001,1.7471,40.0573,0
HSE-1191,2026-03-13,08:00,Mandera Depot,Maintenance,Day,Vehicle Interaction,Pedestrian entered forklift travel path at Mandera Depot during day shift.,Medical Treatment,True,True,False,False,4,1,True,100.0,92.3,1069,3.9373,41.8569,4
HSE-1192,2026-03-14,01:50,Kisumu Depot,Operations,Night,Near Miss,Near Miss event reported at Kisumu Depot during night shift.,Near Miss,False,False,True,False,0,1,True,100.0,87.9,979,-0.0917,34.768,0
HSE-1193,2026-03-15,22:10,Nairobi Depot,Logistics,Night,Near Miss,Near Miss event reported at Nairobi Depot during night shift.,Near Miss,False,False,True,False,0,1,True,54.8,83.3,854,-1.2921,36.8219,0
HSE-1194,2026-03-15,22:40,Kisumu Depot,Operations,Night,Slip / Trip,Worker slipped near transfer walkway at Kisumu Depot during night shift.,First Aid,True,True,False,False,5,2,True,71.4,86.8,1033,-0.0917,34.768,10
HSE-1195,2026-03-15,09:00,Mandera Depot,Operations,Day,Equipment Contact,Equipment Contact event reported at Mandera Depot during day shift. Credible worst case could be life-altering.,Near Miss,False,False,True,True,5,1,True,78.6,87.0,1020,3.9373,41.8569,5
HSE-1196,2026-03-16,14:30,Wajir Depot,Maintenance,Day,Vehicle Interaction,Pedestrian entered forklift travel path at Wajir Depot during day shift.,Near Miss,False,False,True,False,0,2,True,78.6,88.4,1145,1.7471,40.0573,0
HSE-1197,2026-03-16,02:10,Mandera Depot,Operations,Night,Manual Handling,Manual Handling event reported at Mandera Depot during night shift.,First Aid,False,False,False,False,1,2,True,77.8,85.9,1249,3.9373,41.8569,2
HSE-1198,2026-03-17,18:00,Nyeri Depot,Operations,Day,Struck By,Struck By event reported at Nyeri Depot during day shift.,Restricted Work,False,False,False,False,1,1,True,88.9,93.5,1087,-0.4201,36.9476,1
HSE-1199,2026-03-17,13:40,Kisumu Depot,Operations,Day,Chemical Exposure,Chemical Exposure event reported at Kisumu Depot during day shift. Credible worst case could be life-altering.,Near Miss,False,False,True,True,5,5,True,100.0,84.0,1018,-0.0917,34.768,25
HSE-1200,2026-03-18,00:00,Nairobi Depot,Maintenance,Night,Equipment Contact,Equipment Contact event reported at Nairobi Depot during night shift.,Medical Treatment,False,False,False,False,1,5,False,65.6,95.4,1164,-1.2921,36.8219,5
HSE-1201,2026-03-18,11:50,Mandera Depot,Logistics,Day,Manual Handling,Manual Handling event reported at Mandera Depot during day shift.,Medical Treatment,False,False,False,False,1,2,True,70.0,86.7,1202,3.9373,41.8569,2
HSE-1202,2026-03-19,10:10,Nairobi Depot,Operations,Day,Equipment Contact,Equipment Contact event reported at Nairobi Depot during day shift. Credible worst case could be life-altering.,First Aid,True,False,False,True,3,5,True,85.7,90.7,1133,-1.2921,36.8219,15
HSE-1203,2026-03-20,06:00,Mombasa Depot,Logistics,Day,Struck By,Struck By event reported at Mombasa Depot during day shift.,Lost Time,True,False,False,False,2,4,True,82.1,90.0,1260,-4.0435,39.6682,8
HSE-1204,2026-03-20,02:00,Nyeri Depot,Utilities,Night,Slip / Trip,Worker slipped near transfer walkway at Nyeri Depot during night shift.,Restricted Work,True,False,False,False,2,5,True,90.5,98.7,1346,-0.4201,36.9476,10
HSE-1205,2026-03-20,22:50,Kisumu Depot,Operations,Night,Chemical Exposure,Chemical Exposure event reported at Kisumu Depot during night shift. Credible worst case could be life-altering.,Lost Time,True,True,False,True,4,2,False,81.2,95.6,1101,-0.0917,34.768,8
HSE-1206,2026-03-20,16:00,Kakamega Depot,Maintenance,Day,Chemical Exposure,Chemical Exposure event reported at Kakamega Depot during day shift.,Near Miss,False,False,True,False,0,2,True,75.0,92.6,1125,0.2827,34.7519,0
HSE-1207,2026-03-21,08:30,Nairobi Depot,Logistics,Day,Near Miss,Near Miss event reported at Nairobi Depot during day shift.,Near Miss,False,False,True,False,0,5,True,68.8,91.5,1052,-1.2921,36.8219,0
HSE-1208,2026-03-21,09:10,Nyeri Depot,Operations,Day,Near Miss,Near Miss event reported at Nyeri Depot during day shift.,Near Miss,False,False,True,False,0,4,False,89.3,88.5,926,-0.4201,36.9476,0
HSE-1209,2026-03-21,18:00,Kisumu Depot,Utilities,Day,Struck By,Struck By event reported at Kisumu Depot during day shift.,Near Miss,False,False,True,False,0,3,True,71.4,87.0,1367,-0.0917,34.768,0
HSE-1210,2026-03-23,15:20,Nairobi Depot,Logistics,Day,Near Miss,Near Miss event reported at Nairobi Depot during day shift.,Near Miss,False,False,True,False,0,3,False,76.9,85.8,1222,-1.2921,36.8219,0
HSE-1211,2026-03-23,15:00,Mombasa Depot,Operations,Day,Slip / Trip,Worker slipped near transfer walkway at Mombasa Depot during day shift.,Medical Treatment,True,False,False,False,2,5,True,53.3,95.2,917,-4.0435,39.6682,10
HSE-1212,2026-03-23,14:10,Kisumu Depot,Logistics,Day,Slip / Trip,Worker slipped near transfer walkway at Kisumu Depot during day shift.,First Aid,True,False,False,False,3,1,True,95.8,88.2,1153,-0.0917,34.768,3
HSE-1213,2026-03-23,02:50,Wajir Depot,Maintenance,Night,Struck By,Struck By event reported at Wajir Depot during night shift.,First Aid,True,False,False,False,2,2,True,93.5,85.1,1202,1.7471,40.0573,4
HSE-1214,2026-03-23,17:30,Mandera Depot,Maintenance,Day,Manual Handling,Manual Handling event reported at Mandera Depot during day shift.,Near Miss,False,False,True,False,0,4,True,90.0,94.9,1121,3.9373,41.8569,0
HSE-1215,2026-03-24,12:50,Mombasa Depot,Operations,Day,Near Miss,Near Miss event reported at Mombasa Depot during day shift.,Near Miss,False,False,True,False,0,1,True,61.5,93.9,1074,-4.0435,39.6682,0
HSE-1216,2026-03-24,13:50,Kakamega Depot,Maintenance,Day,Near Miss,Near Miss event reported at Kakamega Depot during day shift.,Near Miss,False,False,True,False,0,5,True,85.7,87.0,1234,0.2827,34.7519,0
HSE-1217,2026-03-24,15:10,Mandera Depot,Operations,Day,Manual Handling,Manual Handling event reported at Mandera Depot during day shift.,Near Miss,False,False,True,False,0,2,False,67.7,86.2,1387,3.9373,41.8569,0
HSE-1218,2026-03-25,07:00,Mombasa Depot,Maintenance,Day,Fall From Height,Elevated work task had incomplete edge protection at Mombasa Depot. Credible worst case could be life-altering.,Near Miss,False,False,True,True,3,2,True,100.0,85.6,973,-4.0435,39.6682,6
HSE-1219,2026-03-26,13:00,Mombasa Depot,Logistics,Day,Chemical Exposure,Chemical Exposure event reported at Mombasa Depot during day shift. Credible worst case could be life-altering.,First Aid,True,True,False,True,5,5,True,100.0,86.5,1245,-4.0435,39.6682,25
HSE-1220,2026-03-26,00:10,Nyeri Depot,Maintenance,Night,Manual Handling,Manual Handling event reported at Nyeri Depot during night shift.,Restricted Work,True,False,False,False,2,4,True,96.2,95.3,1262,-0.4201,36.9476,8
HSE-1221,2026-03-27,16:50,Kakamega Depot,Maintenance,Day,Struck By,Struck By event reported at Kakamega Depot during day shift.,Near Miss,False,False,True,False,0,3,True,96.0,87.8,1136,0.2827,34.7519,0
HSE-1222,2026-03-28,07:40,Mombasa Depot,Utilities,Day,Chemical Exposure,Chemical Exposure event reported at Mombasa Depot during day shift. Credible worst case could be life-altering.,Near Miss,False,False,True,True,3,1,True,96.6,98.5,1265,-4.0435,39.6682,3
HSE-1223,2026-03-28,23:40,Nyeri Depot,Operations,Night,Slip / Trip,Worker slipped near transfer walkway at Nyeri Depot during night shift.,First Aid,True,False,False,False,3,2,False,94.7,88.6,1233,-0.4201,36.9476,6
HSE-1224,2026-03-28,00:20,Kisumu Depot,Maintenance,Night,Fall From Height,Elevated work task had incomplete edge protection at Kisumu Depot. Credible worst case could be life-altering.,Lost Time,True,True,False,True,5,4,True,76.0,87.9,1316,-0.0917,34.768,20
HSE-1225,2026-03-28,07:50,Wajir Depot,Utilities,Day,Equipment Contact,Equipment Contact event reported at Wajir Depot during day shift.,Medical Treatment,True,False,False,False,2,2,True,85.2,87.5,1115,1.7471,40.0573,4
HSE-1226,2026-03-29,00:40,Mandera Depot,Logistics,Night,Struck By,Struck By event reported at Mandera Depot during night shift.,Near Miss,False,False,True,False,0,1,True,90.0,88.8,1106,3.9373,41.8569,0
HSE-1227,2026-03-30,02:00,Nyeri Depot,Logistics,Night,Slip / Trip,Worker slipped near transfer walkway at Nyeri Depot during night shift.,First Aid,True,True,False,False,3,2,True,78.1,92.1,1103,-0.4201,36.9476,6
HSE-1228,2026-03-30,12:20,Kisumu Depot,Logistics,Day,Manual Handling,Manual Handling event reported at Kisumu Depot during day shift.,Near Miss,False,False,True,False,0,3,True,89.7,88.4,1347,-0.0917,34.768,0
HSE-1229,2026-03-30,23:40,Kakamega Depot,Operations,Night,Slip / Trip,Worker slipped near transfer walkway at Kakamega Depot during night shift.,Medical Treatment,False,False,False,False,1,1,True,96.2,91.4,961,0.2827,34.7519,1
HSE-1230,2026-03-30,07:30,Wajir Depot,Logistics,Day,Equipment Contact,Equipment Contact event reported at Wajir Depot during day shift.,First Aid,True,True,False,False,4,1,True,73.1,94.5,1219,1.7471,40.0573,4
HSE-1231,2026-03-31,15:30,Kisumu Depot,Logistics,Day,Equipment Contact,Equipment Contact event reported at Kisumu Depot during day shift.,Near Miss,False,False,True,False,0,3,True,50.0,89.2,931,-0.0917,34.768,0
HSE-1232,2026-03-31,17:50,Kakamega Depot,Operations,Day,Struck By,Struck By event reported at Kakamega Depot during day shift.,First Aid,False,False,False,False,1,5,True,75.9,88.2,1044,0.2827,34.7519,5
HSE-1233,2026-03-31,00:40,Wajir Depot,Operations,Night,Vehicle Interaction,Pedestrian entered forklift travel path at Wajir Depot during night shift.,Restricted Work,True,False,False,False,2,1,False,84.4,92.8,1298,1.7471,40.0573,2
HSE-1234,2026-03-31,15:40,Mandera Depot,Logistics,Day,Slip / Trip,Worker slipped near transfer walkway at Mandera Depot during day shift.,Medical Treatment,True,False,False,False,2,2,True,94.1,85.5,861,3.9373,41.8569,4
HSE-1235,2026-04-02,00:10,Nairobi Depot,Operations,Night,Slip / Trip,Worker slipped near transfer walkway at Nairobi Depot during night shift.,Near Miss,False,False,True,False,0,4,False,60.0,90.9,1143,-1.2921,36.8219,0
HSE-1236,2026-04-03,00:50,Nairobi Depot,Operations,Night,Slip / Trip,Worker slipped near transfer walkway at Nairobi Depot during night shift.,Lost Time,True,False,False,False,2,4,True,66.7,87.1,1345,-1.2921,36.8219,8
HSE-1237,2026-04-03,11:00,Kisumu Depot,Logistics,Day,Fall From Height,Elevated work task had incomplete edge protection at Kisumu Depot.,Restricted Work,True,False,False,False,2,1,True,89.5,87.7,941,-0.0917,34.768,2
HSE-1238,2026-04-03,09:40,Kakamega Depot,Maintenance,Day,Struck By,Struck By event reported at Kakamega Depot during day shift.,Lost Time,False,False,False,False,1,4,True,96.8,90.0,1296,0.2827,34.7519,4
HSE-1239,2026-04-03,16:20,Wajir Depot,Logistics,Day,Chemical Exposure,Chemical Exposure event reported at Wajir Depot during day shift.,Medical Treatment,True,False,False,False,3,1,True,82.1,98.5,1269,1.7471,40.0573,3
HSE-1240,2026-04-03,15:00,Mandera Depot,Operations,Day,Slip / Trip,Worker slipped near transfer walkway at Mandera Depot during day shift.,Near Miss,False,False,True,False,0,2,True,85.2,88.5,1173,3.9373,41.8569,0
HSE-1241,2026-04-04,00:10,Mombasa Depot,Logistics,Night,Slip / Trip,Worker slipped near transfer walkway at Mombasa Depot during night shift.,First Aid,True,True,False,False,4,4,False,72.7,86.8,891,-4.0435,39.6682,16
HSE-1242,2026-04-05,14:20,Mombasa Depot,Utilities,Day,Equipment Contact,Equipment Contact event reported at Mombasa Depot during day shift.,Medical Treatment,False,False,False,False,1,1,True,87.1,95.2,992,-4.0435,39.6682,1
HSE-1243,2026-04-05,02:40,Wajir Depot,Maintenance,Night,Equipment Contact,Equipment Contact event reported at Wajir Depot during night shift. Credible worst case could be life-altering.,Medical Treatment,True,True,False,True,4,3,True,89.3,85.2,1080,1.7471,40.0573,12
HSE-1244,2026-04-06,16:50,Nairobi Depot,Operations,Day,Slip / Trip,Worker slipped near transfer walkway at Nairobi Depot during day shift.,Restricted Work,True,False,False,False,3,3,False,96.8,87.8,1004,-1.2921,36.8219,9
HSE-1245,2026-04-06,00:50,Kakamega Depot,Logistics,Night,Struck By,Struck By event reported at Kakamega Depot during night shift.,Near Miss,False,False,True,False,0,1,True,100.0,91.0,1336,0.2827,34.7519,0
HSE-1246,2026-04-07,18:20,Kakamega Depot,Logistics,Day,Struck By,Struck By event reported at Kakamega Depot during day shift.,Restricted Work,True,False,False,False,2,4,True,88.5,98.5,1105,0.2827,34.7519,8
HSE-1247,2026-04-08,06:20,Kisumu Depot,Operations,Day,Vehicle Interaction,Pedestrian entered forklift travel path at Kisumu Depot during day shift. Credible worst case could be life-altering.,Medical Treatment,True,True,False,True,5,3,True,87.0,88.0,1396,-0.0917,34.768,15
HSE-1248,2026-04-08,02:00,Wajir Depot,Operations,Night,Equipment Contact,Equipment Contact event reported at Wajir Depot during night shift.,Medical Treatment,True,False,False,False,3,3,True,90.6,92.8,953,1.7471,40.0573,9
HSE-1249,2026-04-09,17:30,Nairobi Depot,Operations,Day,Slip / Trip,Worker slipped near transfer walkway at Nairobi Depot during day shift.,Lost Time,True,False,False,False,2,3,True,71.4,96.0,1378,-1.2921,36.8219,6
HSE-1250,2026-04-09,02:50,Mombasa Depot,Logistics,Night,Slip / Trip,Worker slipped near transfer walkway at Mombasa Depot during night shift.,Medical Treatment,True,True,False,False,4,4,True,86.7,90.8,1156,-4.0435,39.6682,16
HSE-1251,2026-04-09,09:30,Wajir Depot,Operations,Day,Chemical Exposure,Chemical Exposure event reported at Wajir Depot during day shift.,Near Miss,False,False,True,False,0,1,True,84.2,92.8,1395,1.7471,40.0573,0
HSE-1252,2026-04-10,17:20,Nairobi Depot,Logistics,Day,Equipment Contact,Equipment Contact event reported at Nairobi Depot during day shift. Credible worst case could be life-altering.,First Aid,True,True,False,True,4,4,True,92.3,87.5,862,-1.2921,36.8219,16
HSE-1253,2026-04-10,11:10,Mombasa Depot,Operations,Day,Struck By,Struck By event reported at Mombasa Depot during day shift.,First Aid,True,True,False,False,5,4,True,88.0,84.8,892,-4.0435,39.6682,20
HSE-1254,2026-04-10,00:40,Nyeri Depot,Maintenance,Night,Chemical Exposure,Chemical Exposure event reported at Nyeri Depot during night shift.,First Aid,True,False,False,False,3,2,True,87.1,90.7,993,-0.4201,36.9476,6
HSE-1255,2026-04-12,22:00,Nairobi Depot,Operations,Night,Slip / Trip,Worker slipped near transfer walkway at Nairobi Depot during night shift.,Restricted Work,False,False,False,False,1,4,True,88.9,92.0,1189,-1.2921,36.8219,4
HSE-1256,2026-04-12,15:40,Nyeri Depot,Operations,Day,Struck By,Struck By event reported at Nyeri Depot during day shift.,Near Miss,False,False,True,False,0,4,False,93.8,98.1,1225,-0.4201,36.9476,0
HSE-1257,2026-04-13,16:10,Mombasa Depot,Logistics,Day,Slip / Trip,Worker slipped near transfer walkway at Mombasa Depot during day shift.,First Aid,False,False,False,False,1,2,True,100.0,94.1,1253,-4.0435,39.6682,2
HSE-1258,2026-04-13,06:20,Nyeri Depot,Operations,Day,Struck By,Struck By event reported at Nyeri Depot during day shift.,First Aid,True,False,False,False,2,5,True,100.0,84.8,1115,-0.4201,36.9476,10
HSE-1259,2026-04-13,11:20,Wajir Depot,Operations,Day,Manual Handling,Manual Handling event reported at Wajir Depot during day shift.,First Aid,False,False,False,False,1,2,True,86.2,92.2,862,1.7471,40.0573,2
HSE-1260,2026-04-13,17:10,Mandera Depot,Maintenance,Day,Struck By,Struck By event reported at Mandera Depot during day shift.,Lost Time,False,False,False,False,1,2,True,79.3,94.4,938,3.9373,41.8569,2
HSE-1261,2026-04-14,09:40,Nairobi Depot,Operations,Day,Equipment Contact,Equipment Contact event reported at Nairobi Depot during day shift. Credible worst case could be life-altering.,Near Miss,False,True,True,True,3,2,True,96.3,91.3,1329,-1.2921,36.8219,6
HSE-1262,2026-04-14,17:30,Kakamega Depot,Operations,Day,Equipment Contact,Equipment Contact event reported at Kakamega Depot during day shift.,First Aid,False,False,False,False,1,4,True,90.5,97.7,1004,0.2827,34.7519,4
HSE-1263,2026-04-14,17:20,Wajir Depot,Maintenance,Day,Chemical Exposure,Chemical Exposure event reported at Wajir Depot during day shift.,First Aid,True,False,False,False,3,4,True,59.3,86.0,1319,1.7471,40.0573,12
HSE-1264,2026-04-15,22:40,Kisumu Depot,Operations,Night,Equipment Contact,Equipment Contact event reported at Kisumu Depot during night shift.,Medical Treatment,False,False,False,False,1,2,True,61.3,92.4,1190,-0.0917,34.768,2
HSE-1265,2026-04-16,00:10,Mombasa Depot,Operations,Night,Manual Handling,Manual Handling event reported at Mombasa Depot during night shift.,First Aid,True,False,False,False,3,5,True,87.5,82.1,1221,-4.0435,39.6682,15
HSE-1266,2026-04-16,16:50,Kisumu Depot,Logistics,Day,Vehicle Interaction,Pedestrian entered forklift travel path at Kisumu Depot during day shift. Credible worst case could be life-altering.,Medical Treatment,True,False,False,True,3,1,True,92.3,85.9,1086,-0.0917,34.768,3
HSE-1267,2026-04-16,17:50,Wajir Depot,Operations,Day,Equipment Contact,Equipment Contact event reported at Wajir Depot during day shift. Credible worst case could be life-altering.,Lost Time,True,False,False,True,3,5,True,100.0,92.9,1033,1.7471,40.0573,15
HSE-1268,2026-04-16,18:40,Mandera Depot,Operations,Day,Chemical Exposure,Chemical Exposure event reported at Mandera Depot during day shift. Credible worst case could be life-altering.,First Aid,True,True,False,True,5,5,False,93.3,90.4,994,3.9373,41.8569,25
HSE-1269,2026-04-17,14:10,Nairobi Depot,Operations,Day,Manual Handling,Manual Handling event reported at Nairobi Depot during day shift.,First Aid,False,False,False,False,1,2,True,66.7,82.7,1110,-1.2921,36.8219,2
HSE-1270,2026-04-17,08:10,Nyeri Depot,Logistics,Day,Slip / Trip,Worker slipped near transfer walkway at Nyeri Depot during day shift.,Restricted Work,True,True,False,False,4,4,True,83.3,98.1,1201,-0.4201,36.9476,16
HSE-1271,2026-04-17,06:30,Wajir Depot,Maintenance,Day,Chemical Exposure,Chemical Exposure event reported at Wajir Depot during day shift. Credible worst case could be life-altering.,Medical Treatment,True,True,False,True,5,5,True,100.0,93.1,1343,1.7471,40.0573,25
HSE-1272,2026-04-18,22:00,Nairobi Depot,Maintenance,Night,Near Miss,Near Miss event reported at Nairobi Depot during night shift.,Near Miss,False,False,True,False,0,1,False,86.7,93.7,1263,-1.2921,36.8219,0
HSE-1273,2026-04-18,14:40,Mandera Depot,Utilities,Day,Manual Handling,Manual Handling event reported at Mandera Depot during day shift.,First Aid,True,False,False,False,3,3,True,100.0,92.9,1164,3.9373,41.8569,9
HSE-1274,2026-04-19,08:00,Nyeri Depot,Operations,Day,Vehicle Interaction,Pedestrian entered forklift travel path at Nyeri Depot during day shift.,Restricted Work,True,False,False,False,2,3,False,100.0,91.6,1390,-0.4201,36.9476,6
HSE-1275,2026-04-21,01:00,Mombasa Depot,Maintenance,Night,Slip / Trip,Worker slipped near transfer walkway at Mombasa Depot during night shift.,First Aid,True,False,False,False,3,3,False,80.0,89.1,1063,-4.0435,39.6682,9
HSE-1276,2026-04-21,16:50,Nyeri Depot,Maintenance,Day,Fall From Height,Elevated work task had incomplete edge protection at Nyeri Depot. Credible worst case could be life-altering.,First Aid,True,False,False,True,3,1,True,75.0,85.4,1042,-0.4201,36.9476,3
HSE-1277,2026-04-21,09:50,Kisumu Depot,Maintenance,Day,Manual Handling,Manual Handling event reported at Kisumu Depot during day shift.,Restricted Work,False,False,False,False,1,2,False,95.5,92.4,898,-0.0917,34.768,2
HSE-1278,2026-04-22,00:10,Nairobi Depot,Logistics,Night,Vehicle Interaction,Pedestrian entered forklift travel path at Nairobi Depot during night shift.,Lost Time,True,True,False,False,5,3,True,84.6,84.9,949,-1.2921,36.8219,15
HSE-1279,2026-04-22,11:50,Mombasa Depot,Logistics,Day,Chemical Exposure,Chemical Exposure event reported at Mombasa Depot during day shift.,Restricted Work,False,False,False,False,1,1,True,84.4,82.3,1124,-4.0435,39.6682,1
HSE-1280,2026-04-22,09:00,Kisumu Depot,Operations,Day,Slip / Trip,Worker slipped near transfer walkway at Kisumu Depot during day shift.,Near Miss,False,False,True,False,0,1,True,76.2,82.8,1172,-0.0917,34.768,0
HSE-1281,2026-04-22,16:20,Wajir Depot,Operations,Day,Equipment Contact,Equipment Contact event reported at Wajir Depot during day shift. Credible worst case could be life-altering.,First Aid,True,False,False,True,3,3,True,84.4,82.2,1013,1.7471,40.0573,9
HSE-1282,2026-04-22,02:30,Mandera Depot,Operations,Night,Near Miss,Near Miss event reported at Mandera Depot during night shift.,Near Miss,False,False,True,False,0,3,True,51.6,94.0,1193,3.9373,41.8569,0
HSE-1283,2026-04-23,12:50,Nairobi Depot,Utilities,Day,Manual Handling,Manual Handling event reported at Nairobi Depot during day shift.,Lost Time,True,False,False,False,2,4,True,67.7,86.4,1104,-1.2921,36.8219,8
HSE-1284,2026-04-23,18:20,Nyeri Depot,Operations,Day,Slip / Trip,Worker slipped near transfer walkway at Nyeri Depot during day shift.,Medical Treatment,True,True,False,False,4,1,True,100.0,86.7,1101,-0.4201,36.9476,4
HSE-1285,2026-04-23,22:00,Wajir Depot,Utilities,Night,Slip / Trip,Worker slipped near transfer walkway at Wajir Depot during night shift.,Medical Treatment,True,True,False,False,5,1,True,63.3,85.1,974,1.7471,40.0573,5
HSE-1286,2026-04-24,15:30,Nairobi Depot,Logistics,Day,Struck By,Struck By event reported at Nairobi Depot during day shift.,Medical Treatment,True,True,False,False,5,2,True,68.0,93.0,924,-1.2921,36.8219,10
HSE-1287,2026-04-24,13:20,Kisumu Depot,Maintenance,Day,Chemical Exposure,Chemical Exposure event reported at Kisumu Depot during day shift. Credible worst case could be life-altering.,First Aid,True,False,False,True,3,1,True,80.6,93.9,984,-0.0917,34.768,3
HSE-1288,2026-04-24,00:00,Mandera Depot,Utilities,Night,Slip / Trip,Worker slipped near transfer walkway at Mandera Depot during night shift.,Restricted Work,True,False,False,False,2,5,True,96.4,84.5,1171,3.9373,41.8569,10
HSE-1289,2026-04-25,09:10,Kakamega Depot,Maintenance,Day,Manual Handling,Manual Handling event reported at Kakamega Depot during day shift.,First Aid,False,False,False,False,1,1,True,93.3,98.0,1318,0.2827,34.7519,1
HSE-1290,2026-04-26,02:40,Nairobi Depot,Operations,Night,Manual Handling,Manual Handling event reported at Nairobi Depot during night shift.,First Aid,False,False,False,False,1,5,True,55.2,92.2,1150,-1.2921,36.8219,5
HSE-1291,2026-04-26,08:30,Nyeri Depot,Operations,Day,Near Miss,Near Miss event reported at Nyeri Depot during day shift.,Near Miss,False,False,True,False,0,4,False,100.0,96.2,1070,-0.4201,36.9476,0
HSE-1292,2026-04-26,13:00,Kakamega Depot,Operations,Day,Slip / Trip,Worker slipped near transfer walkway at Kakamega Depot during day shift.,First Aid,True,False,False,False,3,1,True,87.5,82.1,1156,0.2827,34.7519,3
HSE-1293,2026-04-26,17:30,Mandera Depot,Maintenance,Day,Vehicle Interaction,Pedestrian entered forklift travel path at Mandera Depot during day shift. Credible worst case could be life-altering.,First Aid,True,True,False,True,5,3,True,93.1,87.4,1119,3.9373,41.8569,15
HSE-1294,2026-04-27,14:40,Nairobi Depot,Maintenance,Day,Near Miss,Near Miss event reported at Nairobi Depot during day shift.,Near Miss,False,False,True,False,0,4,True,100.0,94.7,962,-1.2921,36.8219,0
HSE-1295,2026-04-27,07:20,Mombasa Depot,Operations,Day,Slip / Trip,Worker slipped near transfer walkway at Mombasa Depot during day shift.,Restricted Work,True,False,False,False,3,4,True,83.3,86.7,923,-4.0435,39.6682,12
HSE-1296,2026-04-27,14:00,Wajir Depot,Operations,Day,Chemical Exposure,Chemical Exposure event reported at Wajir Depot during day shift.,Medical Treatment,False,False,False,False,1,5,False,94.4,97.7,1028,1.7471,40.0573,5
HSE-1297,2026-04-28,00:00,Nairobi Depot,Operations,Night,Near Miss,Near Miss event reported at Nairobi Depot during night shift.,Near Miss,False,False,True,False,0,5,True,77.3,89.4,1383,-1.2921,36.8219,0
HSE-1298,2026-04-28,23:00,Nyeri Depot,Logistics,Night,Chemical Exposure,Chemical Exposure event reported at Nyeri Depot during night shift. Credible worst case could be life-altering.,First Aid,True,True,False,True,4,2,True,57.1,86.8,975,-0.4201,36.9476,8
HSE-1299,2026-04-28,01:10,Wajir Depot,Operations,Night,Vehicle Interaction,Pedestrian entered forklift travel path at Wajir Depot during night shift. Credible worst case could be life-altering.,First Aid,True,True,False,True,4,5,True,100.0,92.3,885,1.7471,40.0573,20
HSE-1300,2026-04-28,06:10,Mandera Depot,Operations,Day,Slip / Trip,Worker slipped near transfer walkway at Mandera Depot during day shift.,Near Miss,False,False,True,False,0,4,True,88.0,85.5,1097,3.9373,41.8569,0
HSE-1301,2026-04-29,13:40,Nairobi Depot,Operations,Day,Vehicle Interaction,Pedestrian entered forklift travel path at Nairobi Depot during day shift.,Restricted Work,False,False,False,False,1,4,True,92.0,89.9,954,-1.2921,36.8219,4
HSE-1302,2026-04-29,08:00,Nyeri Depot,Operations,Day,Manual Handling,Manual Handling event reported at Nyeri Depot during day shift.,Restricted Work,False,False,False,False,1,5,True,77.8,97.7,912,-0.4201,36.9476,5
HSE-1303,2026-04-30,00:00,Nyeri Depot,Logistics,Night,Slip / Trip,Worker slipped near transfer walkway at Nyeri Depot during night shift.,First Aid,False,False,False,False,1,2,True,85.7,96.6,1171,-0.4201,36.9476,2
HSE-1304,2026-04-30,12:20,Kakamega Depot,Maintenance,Day,Vehicle Interaction,Pedestrian entered forklift travel path at Kakamega Depot during day shift. Credible worst case could be life-altering.,Near Miss,False,False,True,True,4,4,True,73.1,93.9,1024,0.2827,34.7519,16
HSE-1305,2026-04-30,00:00,Mandera Depot,Operations,Night,Manual Handling,Manual Handling event reported at Mandera Depot during night shift.,Medical Treatment,False,False,False,False,1,1,True,90.6,93.6,1291,3.9373,41.8569,1
HSE-1306,2026-05-01,18:20,Mombasa Depot,Operations,Day,Slip / Trip,Worker slipped near transfer walkway at Mombasa Depot during day shift.,First Aid,True,False,False,False,3,3,True,67.9,85.2,1102,-4.0435,39.6682,9
HSE-1307,2026-05-01,17:50,Nyeri Depot,Operations,Day,Slip / Trip,Worker slipped near transfer walkway at Nyeri Depot during day shift.,First Aid,True,False,False,False,3,5,True,59.4,96.4,1213,-0.4201,36.9476,15
HSE-1308,2026-05-01,12:30,Kisumu Depot,Logistics,Day,Struck By,Struck By event reported at Kisumu Depot during day shift.,Near Miss,False,False,True,False,0,5,True,74.1,82.8,1155,-0.0917,34.768,0
HSE-1309,2026-05-02,18:50,Nairobi Depot,Operations,Day,Manual Handling,Manual Handling event reported at Nairobi Depot during day shift.,Medical Treatment,True,False,False,False,2,5,True,90.0,93.1,1069,-1.2921,36.8219,10
HSE-1310,2026-05-02,00:10,Mombasa Depot,Utilities,Night,Struck By,Struck By event reported at Mombasa Depot during night shift.,Near Miss,False,False,True,False,0,5,True,90.3,98.5,858,-4.0435,39.6682,0
HSE-1311,2026-05-03,08:40,Nairobi Depot,Maintenance,Day,Near Miss,Near Miss event reported at Nairobi Depot during day shift.,Near Miss,False,False,True,False,0,1,True,84.0,89.6,921,-1.2921,36.8219,0
HSE-1312,2026-05-03,01:10,Mombasa Depot,Maintenance,Night,Near Miss,Near Miss event reported at Mombasa Depot during night shift.,Near Miss,False,False,True,False,0,2,True,93.8,85.0,1144,-4.0435,39.6682,0
HSE-1313,2026-05-03,17:30,Mandera Depot,Logistics,Day,Fall From Height,Elevated work task had incomplete edge protection at Mandera Depot.,Medical Treatment,True,True,False,False,3,3,False,100.0,98.8,1001,3.9373,41.8569,9
HSE-1314,2026-05-04,18:30,Kakamega Depot,Utilities,Day,Near Miss,Near Miss event reported at Kakamega Depot during day shift.,Near Miss,False,False,True,False,0,5,True,87.5,88.8,867,0.2827,34.7519,0
HSE-1315,2026-05-04,00:20,Wajir Depot,Operations,Night,Manual Handling,Manual Handling event reported at Wajir Depot during night shift.,First Aid,False,False,False,False,1,5,False,72.7,83.4,1072,1.7471,40.0573,5
HSE-1316,2026-05-05,18:20,Mombasa Depot,Maintenance,Day,Slip / Trip,Worker slipped near transfer walkway at Mombasa Depot during day shift.,Restricted Work,True,False,False,False,2,2,True,100.0,92.5,1368,-4.0435,39.6682,4
HSE-1317,2026-05-05,10:20,Nyeri Depot,Logistics,Day,Fall From Height,Elevated work task had incomplete edge protection at Nyeri Depot. Credible worst case could be life-altering.,First Aid,True,True,False,True,4,1,True,96.8,83.3,1261,-0.4201,36.9476,4
HSE-1318,2026-05-05,23:00,Mandera Depot,Logistics,Night,Vehicle Interaction,Pedestrian entered forklift travel path at Mandera Depot during night shift. Credible worst case could be life-altering.,First Aid,True,True,False,True,4,2,True,96.2,92.8,1323,3.9373,41.8569,8
HSE-1319,2026-05-06,02:00,Nairobi Depot,Utilities,Night,Manual Handling,Manual Handling event reported at Nairobi Depot during night shift.,Restricted Work,True,True,False,False,4,3,True,58.1,91.3,1007,-1.2921,36.8219,12
HSE-1320,2026-05-06,12:20,Mombasa Depot,Operations,Day,Fall From Height,Elevated work task had incomplete edge protection at Mombasa Depot.,Medical Treatment,True,True,False,False,4,4,True,100.0,87.3,954,-4.0435,39.6682,16
HSE-1321,2026-05-06,08:20,Nyeri Depot,Utilities,Day,Equipment Contact,Equipment Contact event reported at Nyeri Depot during day shift.,Restricted Work,True,False,False,False,2,4,True,100.0,88.2,1188,-0.4201,36.9476,8
HSE-1322,2026-05-06,06:30,Kisumu Depot,Utilities,Day,Manual Handling,Manual Handling event reported at Kisumu Depot during day shift.,First Aid,True,True,False,False,5,4,True,66.7,88.8,1182,-0.0917,34.768,20
HSE-1323,2026-05-06,10:20,Kakamega Depot,Operations,Day,Manual Handling,Manual Handling event reported at Kakamega Depot during day shift.,First Aid,True,False,False,False,2,3,True,100.0,85.2,964,0.2827,34.7519,6
HSE-1324,2026-05-07,08:30,Kisumu Depot,Maintenance,Day,Chemical Exposure,Chemical Exposure event reported at Kisumu Depot during day shift. Credible worst case could be life-altering.,Medical Treatment,True,True,False,True,4,3,True,80.0,89.7,1214,-0.0917,34.768,12
HSE-1325,2026-05-07,01:10,Mandera Depot,Logistics,Night,Manual Handling,Manual Handling event reported at Mandera Depot during night shift.,Medical Treatment,True,True,False,False,5,2,True,51.6,93.6,1337,3.9373,41.8569,10
HSE-1326,2026-05-08,02:00,Mombasa Depot,Operations,Night,Fall From Height,Elevated work task had incomplete edge protection at Mombasa Depot. Credible worst case could be life-altering.,First Aid,True,True,False,True,5,5,False,90.3,82.9,1197,-4.0435,39.6682,25
HSE-1327,2026-05-08,23:10,Kisumu Depot,Maintenance,Night,Slip / Trip,Worker slipped near transfer walkway at Kisumu Depot during night shift.,First Aid,False,False,False,False,1,3,True,100.0,83.6,987,-0.0917,34.768,3
HSE-1328,2026-05-09,01:50,Kakamega Depot,Operations,Night,Equipment Contact,Equipment Contact event reported at Kakamega Depot during night shift.,Medical Treatment,True,False,False,False,3,4,True,100.0,92.9,1155,0.2827,34.7519,12
HSE-1329,2026-05-09,09:10,Wajir Depot,Logistics,Day,Manual Handling,Manual Handling event reported at Wajir Depot during day shift.,First Aid,False,False,False,False,1,5,True,51.6,98.6,936,1.7471,40.0573,5
HSE-1330,2026-05-10,00:00,Kisumu Depot,Logistics,Night,Manual Handling,Manual Handling event reported at Kisumu Depot during night shift.,Medical Treatment,True,False,False,False,3,1,False,75.0,95.8,1098,-0.0917,34.768,3
HSE-1331,2026-05-10,07:10,Kakamega Depot,Operations,Day,Slip / Trip,Worker slipped near transfer walkway at Kakamega Depot during day shift.,First Aid,True,True,False,False,4,1,True,74.1,91.2,928,0.2827,34.7519,4
HSE-1332,2026-05-11,13:00,Nairobi Depot,Utilities,Day,Near Miss,Near Miss event reported at Nairobi Depot during day shift.,Near Miss,False,False,True,False,0,2,True,77.4,95.1,1024,-1.2921,36.8219,0
HSE-1333,2026-05-11,22:30,Mombasa Depot,Operations,Night,Chemical Exposure,Chemical Exposure event reported at Mombasa Depot during night shift. Credible worst case could be life-altering.,Near Miss,False,False,True,True,5,3,False,85.2,95.5,1225,-4.0435,39.6682,15
HSE-1334,2026-05-11,08:10,Nyeri Depot,Operations,Day,Struck By,Struck By event reported at Nyeri Depot during day shift.,First Aid,True,False,False,False,2,3,False,100.0,94.3,1376,-0.4201,36.9476,6
HSE-1335,2026-05-11,01:10,Mandera Depot,Utilities,Night,Fall From Height,Elevated work task had incomplete edge protection at Mandera Depot. Credible worst case could be life-altering.,First Aid,True,True,False,True,5,4,True,78.3,95.2,1309,3.9373,41.8569,20
HSE-1336,2026-05-12,02:50,Nairobi Depot,Logistics,Night,Slip / Trip,Worker slipped near transfer walkway at Nairobi Depot during night shift. Credible worst case could be life-altering.,First Aid,True,True,False,True,4,5,True,96.7,89.4,1389,-1.2921,36.8219,20
HSE-1337,2026-05-12,17:40,Wajir Depot,Logistics,Day,Manual Handling,Manual Handling event reported at Wajir Depot during day shift.,First Aid,True,False,False,False,2,1,True,87.0,96.4,1327,1.7471,40.0573,2
HSE-1338,2026-05-14,02:30,Mombasa Depot,Utilities,Night,Near Miss,Near Miss event reported at Mombasa Depot during night shift.,Near Miss,False,False,True,False,0,1,True,85.2,82.6,1272,-4.0435,39.6682,0
HSE-1339,2026-05-14,01:00,Kakamega Depot,Operations,Night,Slip / Trip,Worker slipped near transfer walkway at Kakamega Depot during night shift.,First Aid,True,False,False,False,3,4,True,78.6,87.7,1088,0.2827,34.7519,12
HSE-1340,2026-05-14,11:30,Mandera Depot,Operations,Day,Near Miss,Near Miss event reported at Mandera Depot during day shift.,Near Miss,False,False,True,False,0,5,False,86.4,89.5,1262,3.9373,41.8569,0
HSE-1341,2026-05-15,22:10,Nairobi Depot,Maintenance,Night,Slip / Trip,Worker slipped near transfer walkway at Nairobi Depot during night shift. Credible worst case could be life-altering.,First Aid,True,False,False,True,3,1,True,78.6,82.7,929,-1.2921,36.8219,3
HSE-1342,2026-05-15,18:20,Kisumu Depot,Logistics,Day,Struck By,Struck By event reported at Kisumu Depot during day shift.,Restricted Work,True,False,False,False,3,4,True,85.7,83.0,1363,-0.0917,34.768,12
HSE-1343,2026-05-15,12:00,Mandera Depot,Operations,Day,Struck By,Struck By event reported at Mandera Depot during day shift.,Lost Time,True,False,False,False,3,1,True,100.0,96.8,1114,3.9373,41.8569,3
HSE-1344,2026-05-16,14:30,Mombasa Depot,Operations,Day,Struck By,Struck By event reported at Mombasa Depot during day shift.,Near Miss,False,False,True,False,0,1,True,90.6,93.8,969,-4.0435,39.6682,0
HSE-1345,2026-05-17,00:00,Nyeri Depot,Operations,Night,Near Miss,Near Miss event reported at Nyeri Depot during night shift.,Near Miss,False,False,True,False,0,2,True,89.7,97.0,1316,-0.4201,36.9476,0
HSE-1346,2026-05-17,01:40,Kakamega Depot,Operations,Night,Near Miss,Near Miss event reported at Kakamega Depot during night shift.,Near Miss,False,False,True,False,0,4,False,96.6,88.3,937,0.2827,34.7519,0
HSE-1347,2026-05-17,16:40,Mandera Depot,Operations,Day,Vehicle Interaction,Pedestrian entered forklift travel path at Mandera Depot during day shift.,Near Miss,False,False,True,False,0,3,True,78.1,97.9,1017,3.9373,41.8569,0
HSE-1348,2026-05-18,06:30,Kisumu Depot,Logistics,Day,Slip / Trip,Worker slipped near transfer walkway at Kisumu Depot during day shift.,Medical Treatment,False,False,False,False,1,2,True,96.0,89.0,1234,-0.0917,34.768,2
HSE-1349,2026-05-19,14:50,Mombasa Depot,Logistics,Day,Equipment Contact,Equipment Contact event reported at Mombasa Depot during day shift.,Restricted Work,True,False,False,False,2,1,True,88.9,98.2,1104,-4.0435,39.6682,2
HSE-1350,2026-05-19,06:20,Kakamega Depot,Logistics,Day,Chemical Exposure,Chemical Exposure event reported at Kakamega Depot during day shift. Credible worst case could be life-altering.,Near Miss,False,False,True,True,5,4,True,71.9,85.9,1312,0.2827,34.7519,20
HSE-1351,2026-05-19,10:30,Wajir Depot,Logistics,Day,Struck By,Struck By event reported at Wajir Depot during day shift.,Near Miss,False,False,True,False,0,3,True,80.6,91.4,1170,1.7471,40.0573,0
HSE-1352,2026-05-19,11:00,Mandera Depot,Operations,Day,Equipment Contact,Equipment Contact event reported at Mandera Depot during day shift.,Medical Treatment,True,False,False,False,3,3,True,68.0,95.6,1157,3.9373,41.8569,9
HSE-1353,2026-05-20,08:20,Mombasa Depot,Operations,Day,Equipment Contact,Equipment Contact event reported at Mombasa Depot during day shift.,Medical Treatment,False,False,False,False,1,2,True,74.2,95.3,1276,-4.0435,39.6682,2
HSE-1354,2026-05-21,14:50,Nairobi Depot,Maintenance,Day,Struck By,Struck By event reported at Nairobi Depot during day shift.,First Aid,False,False,False,False,1,2,False,89.3,88.2,1303,-1.2921,36.8219,2
HSE-1355,2026-05-22,01:00,Nairobi Depot,Operations,Night,Struck By,Struck By event reported at Nairobi Depot during night shift.,First Aid,False,False,False,False,1,5,False,71.0,86.9,900,-1.2921,36.8219,5
HSE-1356,2026-05-22,06:30,Mombasa Depot,Maintenance,Day,Struck By,Struck By event reported at Mombasa Depot during day shift.,Medical Treatment,True,True,False,False,4,1,True,90.9,93.6,910,-4.0435,39.6682,4
HSE-1357,2026-05-22,14:20,Kakamega Depot,Operations,Day,Slip / Trip,Worker slipped near transfer walkway at Kakamega Depot during day shift.,First Aid,True,True,False,False,5,5,True,96.8,90.2,1047,0.2827,34.7519,25
HSE-1358,2026-05-22,00:00,Wajir Depot,Operations,Night,Manual Handling,Manual Handling event reported at Wajir Depot during night shift.,Restricted Work,True,True,False,False,5,2,True,66.7,93.4,1117,1.7471,40.0573,10
HSE-1359,2026-05-22,01:50,Mandera Depot,Utilities,Night,Slip / Trip,Worker slipped near transfer walkway at Mandera Depot during night shift.,First Aid,False,False,False,False,1,4,True,96.2,96.2,1317,3.9373,41.8569,4
HSE-1360,2026-05-23,23:20,Mombasa Depot,Operations,Night,Slip / Trip,Worker slipped near transfer walkway at Mombasa Depot during night shift.,First Aid,False,False,False,False,1,1,True,86.2,92.7,1222,-4.0435,39.6682,1
HSE-1361,2026-05-23,01:40,Nyeri Depot,Operations,Night,Equipment Contact,Equipment Contact event reported at Nyeri Depot during night shift.,First Aid,False,False,False,False,1,2,True,73.3,92.6,909,-0.4201,36.9476,2
HSE-1362,2026-05-23,00:00,Wajir Depot,Operations,Night,Manual Handling,Manual Handling event reported at Wajir Depot during night shift.,Near Miss,False,False,True,False,0,4,True,76.7,98.1,1237,1.7471,40.0573,0
HSE-1363,2026-05-23,00:20,Mandera Depot,Operations,Night,Manual Handling,Manual Handling event reported at Mandera Depot during night shift.,Restricted Work,True,False,False,False,3,2,True,85.7,95.4,1391,3.9373,41.8569,6
HSE-1364,2026-05-24,22:30,Nyeri Depot,Operations,Night,Vehicle Interaction,Pedestrian entered forklift travel path at Nyeri Depot during night shift. Credible worst case could be life-altering.,Near Miss,False,False,True,True,5,3,True,68.8,96.6,1352,-0.4201,36.9476,15
HSE-1365,2026-05-25,00:00,Nairobi Depot,Operations,Night,Struck By,Struck By event reported at Nairobi Depot during night shift.,Medical Treatment,False,False,False,False,1,4,True,90.3,90.2,1233,-1.2921,36.8219,4
HSE-1366,2026-05-26,06:20,Nairobi Depot,Maintenance,Day,Manual Handling,Manual Handling event reported at Nairobi Depot during day shift.,Restricted Work,False,False,False,False,1,3,True,69.6,82.1,1125,-1.2921,36.8219,3
HSE-1367,2026-05-26,23:20,Kisumu Depot,Operations,Night,Vehicle Interaction,Pedestrian entered forklift travel path at Kisumu Depot during night shift.,Restricted Work,False,False,False,False,1,1,True,96.7,88.9,1193,-0.0917,34.768,1
HSE-1368,2026-05-26,06:40,Kakamega Depot,Maintenance,Day,Equipment Contact,Equipment Contact event reported at Kakamega Depot during day shift. Credible worst case could be life-altering.,First Aid,True,False,False,True,3,1,True,68.8,96.8,1334,0.2827,34.7519,3
HSE-1369,2026-05-26,02:30,Wajir Depot,Maintenance,Night,Slip / Trip,Worker slipped near transfer walkway at Wajir Depot during night shift.,Restricted Work,True,False,False,False,3,2,True,90.3,83.9,1378,1.7471,40.0573,6
HSE-1370,2026-05-27,02:00,Nairobi Depot,Operations,Night,Slip / Trip,Worker slipped near transfer walkway at Nairobi Depot during night shift.,First Aid,True,True,False,False,4,5,True,56.7,88.1,1325,-1.2921,36.8219,20
HSE-1371,2026-05-27,17:10,Mombasa Depot,Operations,Day,Equipment Contact,Equipment Contact event reported at Mombasa Depot during day shift. Credible worst case could be life-altering.,Medical Treatment,True,True,False,True,5,2,True,83.3,84.5,1149,-4.0435,39.6682,10
HSE-1372,2026-05-27,01:50,Kisumu Depot,Maintenance,Night,Equipment Contact,Equipment Contact event reported at Kisumu Depot during night shift. Credible worst case could be life-altering.,Near Miss,False,False,True,True,3,4,True,75.0,87.0,914,-0.0917,34.768,12
HSE-1373,2026-05-27,23:00,Wajir Depot,Maintenance,Night,Near Miss,Near Miss event reported at Wajir Depot during night shift.,Near Miss,False,False,True,False,0,5,True,70.4,84.0,1093,1.7471,40.0573,0
HSE-1374,2026-05-28,22:10,Nairobi Depot,Logistics,Night,Near Miss,Near Miss event reported at Nairobi Depot during night shift.,Near Miss,False,False,True,False,0,5,False,71.0,94.4,1357,-1.2921,36.8219,0
HSE-1375,2026-05-28,09:00,Mombasa Depot,Operations,Day,Struck By,Struck By event reported at Mombasa Depot during day shift.,Medical Treatment,True,False,False,False,3,3,True,71.9,92.6,1013,-4.0435,39.6682,9
HSE-1376,2026-05-28,08:00,Nyeri Depot,Operations,Day,Manual Handling,Manual Handling event reported at Nyeri Depot during day shift.,Medical Treatment,True,True,False,False,4,2,True,85.0,91.7,924,-0.4201,36.9476,8
HSE-1377,2026-05-30,06:30,Nairobi Depot,Operations,Day,Manual Handling,Manual Handling event reported at Nairobi Depot during day shift.,Lost Time,True,True,False,False,5,2,True,72.7,83.9,1294,-1.2921,36.8219,10
HSE-1378,2026-05-30,23:30,Nyeri Depot,Maintenance,Night,Vehicle Interaction,Pedestrian entered forklift travel path at Nyeri Depot during night shift. Credible worst case could be life-altering.,Medical Treatment,True,True,False,True,4,4,True,80.0,85.1,1193,-0.4201,36.9476,16
HSE-1379,2026-05-31,17:10,Nyeri Depot,Logistics,Day,Struck By,Struck By event reported at Nyeri Depot during day shift.,Lost Time,True,False,False,False,3,4,True,66.7,97.8,933,-0.4201,36.9476,12
HSE-1380,2026-05-31,12:50,Kakamega Depot,Operations,Day,Equipment Contact,Equipment Contact event reported at Kakamega Depot during day shift.,First Aid,True,False,False,False,3,3,True,85.7,86.5,1299,0.2827,34.7519,9
HSE-1381,2026-06-01,00:20,Mombasa Depot,Operations,Night,Chemical Exposure,Chemical Exposure event reported at Mombasa Depot during night shift.,Medical Treatment,True,False,False,False,3,1,True,93.5,87.9,1321,-4.0435,39.6682,3
HSE-1382,2026-06-01,14:30,Kakamega Depot,Maintenance,Day,Struck By,Struck By event reported at Kakamega Depot during day shift.,First Aid,False,False,False,False,1,5,True,100.0,89.0,968,0.2827,34.7519,5
HSE-1383,2026-06-02,01:30,Kisumu Depot,Logistics,Night,Vehicle Interaction,Pedestrian entered forklift travel path at Kisumu Depot during night shift.,Restricted Work,True,False,False,False,2,4,True,75.9,92.8,865,-0.0917,34.768,8
HSE-1384,2026-06-02,13:40,Wajir Depot,Operations,Day,Struck By,Struck By event reported at Wajir Depot during day shift.,First Aid,True,True,False,False,5,5,True,85.0,85.7,1160,1.7471,40.0573,25
HSE-1385,2026-06-03,13:30,Mombasa Depot,Operations,Day,Slip / Trip,Worker slipped near transfer walkway at Mombasa Depot during day shift.,Medical Treatment,True,False,False,False,2,2,True,90.6,82.1,1356,-4.0435,39.6682,4
HSE-1386,2026-06-03,17:20,Kisumu Depot,Maintenance,Day,Manual Handling,Manual Handling event reported at Kisumu Depot during day shift.,First Aid,False,False,False,False,1,3,True,66.7,84.1,1001,-0.0917,34.768,3
HSE-1387,2026-06-04,22:30,Nairobi Depot,Maintenance,Night,Slip / Trip,Worker slipped near transfer walkway at Nairobi Depot during night shift.,Restricted Work,True,True,False,False,5,1,True,59.4,83.1,1144,-1.2921,36.8219,5
HSE-1388,2026-06-04,08:10,Mombasa Depot,Operations,Day,Chemical Exposure,Chemical Exposure event reported at Mombasa Depot during day shift. Credible worst case could be life-altering.,Medical Treatment,True,True,False,True,4,5,True,76.9,93.1,1314,-4.0435,39.6682,20
HSE-1389,2026-06-05,14:00,Nairobi Depot,Operations,Day,Manual Handling,Manual Handling event reported at Nairobi Depot during day shift.,Near Miss,False,False,True,False,0,4,True,100.0,88.0,1297,-1.2921,36.8219,0
HSE-1390,2026-06-05,08:40,Mombasa Depot,Maintenance,Day,Struck By,Struck By event reported at Mombasa Depot during day shift.,First Aid,False,False,False,False,1,4,True,75.9,94.6,1217,-4.0435,39.6682,4
HSE-1391,2026-06-05,07:10,Kisumu Depot,Maintenance,Day,Near Miss,Near Miss event reported at Kisumu Depot during day shift.,Near Miss,False,False,True,False,0,2,False,89.5,92.1,1033,-0.0917,34.768,0
HSE-1392,2026-06-05,22:30,Kakamega Depot,Operations,Night,Vehicle Interaction,Pedestrian entered forklift travel path at Kakamega Depot during night shift. Credible worst case could be life-altering.,Near Miss,False,False,True,True,5,5,True,96.6,84.9,1335,0.2827,34.7519,25
HSE-1393,2026-06-05,12:40,Mandera Depot,Operations,Day,Struck By,Struck By event reported at Mandera Depot during day shift.,Medical Treatment,False,False,False,False,1,1,True,70.0,91.8,1208,3.9373,41.8569,1
HSE-1394,2026-06-06,13:50,Mandera Depot,Operations,Day,Manual Handling,Manual Handling event reported at Mandera Depot during day shift.,Lost Time,False,False,False,False,1,3,True,85.7,93.1,1311,3.9373,41.8569,3
HSE-1395,2026-06-08,23:50,Nairobi Depot,Maintenance,Night,Slip / Trip,Worker slipped near transfer walkway at Nairobi Depot during night shift. Credible worst case could be life-altering.,First Aid,True,True,False,True,5,5,False,89.3,88.1,1283,-1.2921,36.8219,25
HSE-1396,2026-06-08,10:40,Mombasa Depot,Logistics,Day,Chemical Exposure,Chemical Exposure event reported at Mombasa Depot during day shift. Credible worst case could be life-altering.,Near Miss,False,False,True,True,5,4,True,96.6,92.4,900,-4.0435,39.6682,20
HSE-1397,2026-06-08,22:10,Wajir Depot,Logistics,Night,Slip / Trip,Worker slipped near transfer walkway at Wajir Depot during night shift.,Restricted Work,True,True,False,False,4,2,False,85.0,98.1,877,1.7471,40.0573,8
HSE-1398,2026-06-08,09:30,Mandera Depot,Operations,Day,Vehicle Interaction,Pedestrian entered forklift travel path at Mandera Depot during day shift.,First Aid,False,False,False,False,1,3,True,57.1,85.7,975,3.9373,41.8569,3
HSE-1399,2026-06-09,00:20,Nyeri Depot,Operations,Night,Slip / Trip,Worker slipped near transfer walkway at Nyeri Depot during night shift.,Medical Treatment,True,False,False,False,2,4,False,80.8,95.3,970,-0.4201,36.9476,8
HSE-1400,2026-06-09,06:30,Kakamega Depot,Operations,Day,Vehicle Interaction,Pedestrian entered forklift travel path at Kakamega Depot during day shift. Credible worst case could be life-altering.,First Aid,True,True,False,True,5,2,True,86.2,96.1,1250,0.2827,34.7519,10
HSE-1401,2026-06-09,14:50,Mandera Depot,Maintenance,Day,Struck By,Struck By event reported at Mandera Depot during day shift.,Near Miss,False,False,True,False,0,3,True,100.0,93.9,1295,3.9373,41.8569,0
HSE-1402,2026-06-10,09:30,Mombasa Depot,Logistics,Day,Struck By,Struck By event reported at Mombasa Depot during day shift.,Near Miss,False,False,True,False,0,2,True,70.0,83.6,1301,-4.0435,39.6682,0
HSE-1403,2026-06-10,18:00,Wajir Depot,Utilities,Day,Manual Handling,Manual Handling event reported at Wajir Depot during day shift.,Lost Time,True,False,False,False,2,2,True,68.8,84.8,1180,1.7471,40.0573,4
HSE-1404,2026-06-10,06:10,Mandera Depot,Maintenance,Day,Slip / Trip,Worker slipped near transfer walkway at Mandera Depot during day shift.,Near Miss,False,False,True,False,0,4,True,69.0,96.6,864,3.9373,41.8569,0
HSE-1405,2026-06-11,10:40,Wajir Depot,Operations,Day,Manual Handling,Manual Handling event reported at Wajir Depot during day shift.,First Aid,False,False,False,False,1,4,True,100.0,93.6,1016,1.7471,40.0573,4
HSE-1406,2026-06-13,02:30,Mandera Depot,Logistics,Night,Near Miss,Near Miss event reported at Mandera Depot during night shift.,Near Miss,False,False,True,False,0,5,False,100.0,94.0,1361,3.9373,41.8569,0
HSE-1407,2026-06-14,06:00,Nairobi Depot,Maintenance,Day,Near Miss,Near Miss event reported at Nairobi Depot during day shift.,Near Miss,False,False,True,False,0,4,True,79.2,83.7,1120,-1.2921,36.8219,0
HSE-1408,2026-06-14,12:10,Mombasa Depot,Operations,Day,Slip / Trip,Worker slipped near transfer walkway at Mombasa Depot during day shift.,First Aid,False,False,False,False,1,1,True,91.3,88.0,1390,-4.0435,39.6682,1
HSE-1409,2026-06-14,13:40,Nyeri Depot,Utilities,Day,Chemical Exposure,Chemical Exposure event reported at Nyeri Depot during day shift. Credible worst case could be life-altering.,Near Miss,False,False,True,True,5,4,False,88.9,97.3,1359,-0.4201,36.9476,20
HSE-1410,2026-06-14,02:10,Wajir Depot,Operations,Night,Vehicle Interaction,Pedestrian entered forklift travel path at Wajir Depot during night shift. Credible worst case could be life-altering.,Medical Treatment,True,True,False,True,4,1,False,96.4,96.7,1397,1.7471,40.0573,4
HSE-1411,2026-06-15,09:20,Mombasa Depot,Logistics,Day,Struck By,Struck By event reported at Mombasa Depot during day shift.,Near Miss,False,False,True,False,0,4,True,91.7,84.6,1378,-4.0435,39.6682,0
HSE-1412,2026-06-15,18:30,Nyeri Depot,Logistics,Day,Near Miss,Near Miss event reported at Nyeri Depot during day shift.,Near Miss,False,False,True,False,0,1,True,87.1,88.9,1021,-0.4201,36.9476,0
HSE-1413,2026-06-16,02:00,Mombasa Depot,Logistics,Night,Slip / Trip,Worker slipped near transfer walkway at Mombasa Depot during night shift.,Lost Time,True,True,False,False,4,2,True,93.8,95.5,1040,-4.0435,39.6682,8
HSE-1414,2026-06-16,11:10,Kisumu Depot,Operations,Day,Chemical Exposure,Chemical Exposure event reported at Kisumu Depot during day shift. Credible worst case could be life-altering.,First Aid,True,True,False,True,4,4,True,72.0,87.7,1089,-0.0917,34.768,16
HSE-1415,2026-06-18,14:00,Mandera Depot,Operations,Day,Vehicle Interaction,Pedestrian entered forklift travel path at Mandera Depot during day shift.,Medical Treatment,True,False,False,False,3,3,True,96.6,98.2,1060,3.9373,41.8569,9
HSE-1416,2026-06-19,07:40,Wajir Depot,Operations,Day,Slip / Trip,Worker slipped near transfer walkway at Wajir Depot during day shift.,Medical Treatment,True,False,False,False,2,3,True,88.5,89.3,1139,1.7471,40.0573,6
HSE-1417,2026-06-19,18:30,Mandera Depot,Logistics,Day,Equipment Contact,Equipment Contact event reported at Mandera Depot during day shift.,First Aid,True,False,False,False,2,4,True,100.0,82.5,1367,3.9373,41.8569,8
HSE-1418,2026-06-20,22:50,Nairobi Depot,Maintenance,Night,Slip / Trip,Worker slipped near transfer walkway at Nairobi Depot during night shift.,First Aid,False,False,False,False,1,5,True,83.9,85.0,1396,-1.2921,36.8219,5
HSE-1419,2026-06-20,16:20,Kisumu Depot,Operations,Day,Vehicle Interaction,Pedestrian entered forklift travel path at Kisumu Depot during day shift.,First Aid,True,False,False,False,2,1,True,93.3,86.0,1026,-0.0917,34.768,2
HSE-1420,2026-06-21,16:40,Mombasa Depot,Operations,Day,Equipment Contact,Equipment Contact event reported at Mombasa Depot during day shift.,Near Miss,False,False,True,False,0,2,True,72.4,85.6,1209,-4.0435,39.6682,0
HSE-1421,2026-06-21,02:30,Kisumu Depot,Maintenance,Night,Slip / Trip,Worker slipped near transfer walkway at Kisumu Depot during night shift.,First Aid,False,False,False,False,1,2,True,85.7,91.4,977,-0.0917,34.768,2
HSE-1422,2026-06-21,17:10,Wajir Depot,Operations,Day,Struck By,Struck By event reported at Wajir Depot during day shift.,First Aid,True,False,False,False,2,2,False,96.7,97.3,1207,1.7471,40.0573,4
HSE-1423,2026-06-22,16:00,Nyeri Depot,Utilities,Day,Struck By,Struck By event reported at Nyeri Depot during day shift.,Lost Time,False,False,False,False,1,5,True,70.4,91.5,863,-0.4201,36.9476,5
HSE-1424,2026-06-22,13:20,Wajir Depot,Logistics,Day,Manual Handling,Manual Handling event reported at Wajir Depot during day shift.,First Aid,False,False,False,False,1,5,True,53.1,92.9,964,1.7471,40.0573,5
HSE-1425,2026-06-22,00:10,Mandera Depot,Utilities,Night,Near Miss,Near Miss event reported at Mandera Depot during night shift.,Near Miss,False,False,True,False,0,2,True,100.0,91.5,1207,3.9373,41.8569,0
HSE-1426,2026-06-23,17:00,Nairobi Depot,Operations,Day,Equipment Contact,Equipment Contact event reported at Nairobi Depot during day shift. Credible worst case could be life-altering.,First Aid,True,True,False,True,4,3,False,70.8,95.1,1097,-1.2921,36.8219,12
HSE-1427,2026-06-23,22:10,Mombasa Depot,Logistics,Night,Slip / Trip,Worker slipped near transfer walkway at Mombasa Depot during night shift.,Restricted Work,True,False,False,False,2,2,True,89.7,98.5,1197,-4.0435,39.6682,4
HSE-1428,2026-06-23,13:40,Wajir Depot,Operations,Day,Vehicle Interaction,Pedestrian entered forklift travel path at Wajir Depot during day shift. Credible worst case could be life-altering.,Restricted Work,True,True,False,True,4,1,True,91.7,86.4,960,1.7471,40.0573,4
HSE-1429,2026-06-25,06:10,Nyeri Depot,Operations,Day,Struck By,Struck By event reported at Nyeri Depot during day shift.,Lost Time,True,True,False,False,3,2,True,75.0,97.5,887,-0.4201,36.9476,6
HSE-1430,2026-06-25,06:40,Kisumu Depot,Utilities,Day,Manual Handling,Manual Handling event reported at Kisumu Depot during day shift.,First Aid,True,False,False,False,2,3,True,56.2,94.8,942,-0.0917,34.768,6
HSE-1431,2026-06-25,22:30,Mandera Depot,Operations,Night,Manual Handling,Manual Handling event reported at Mandera Depot during night shift.,Medical Treatment,True,False,False,False,2,1,False,93.8,88.7,1301,3.9373,41.8569,2
HSE-1432,2026-06-26,01:50,Mombasa Depot,Operations,Night,Chemical Exposure,Chemical Exposure event reported at Mombasa Depot during night shift. Credible worst case could be life-altering.,Medical Treatment,True,True,False,True,4,1,True,92.6,93.5,1173,-4.0435,39.6682,4
HSE-1433,2026-06-26,15:40,Kisumu Depot,Operations,Day,Struck By,Struck By event reported at Kisumu Depot during day shift.,Medical Treatment,True,False,False,False,2,1,True,80.8,98.3,1381,-0.0917,34.768,2
HSE-1434,2026-06-26,09:20,Kakamega Depot,Logistics,Day,Slip / Trip,Worker slipped near transfer walkway at Kakamega Depot during day shift.,First Aid,True,False,False,False,3,1,True,95.5,91.9,985,0.2827,34.7519,3
HSE-1435,2026-06-26,06:30,Wajir Depot,Logistics,Day,Chemical Exposure,Chemical Exposure event reported at Wajir Depot during day shift.,First Aid,True,False,False,False,3,3,True,75.0,97.3,1313,1.7471,40.0573,9
HSE-1436,2026-06-27,12:50,Nairobi Depot,Maintenance,Day,Manual Handling,Manual Handling event reported at Nairobi Depot during day shift.,Medical Treatment,True,True,False,False,4,5,False,96.8,87.8,1143,-1.2921,36.8219,20
HSE-1437,2026-06-27,13:40,Mombasa Depot,Logistics,Day,Near Miss,Near Miss event reported at Mombasa Depot during day shift.,Near Miss,False,False,True,False,0,4,False,58.1,94.3,1268,-4.0435,39.6682,0
HSE-1438,2026-06-27,14:30,Nyeri Depot,Utilities,Day,Slip / Trip,Worker slipped near transfer walkway at Nyeri Depot during day shift.,Near Miss,False,False,True,False,0,3,True,94.7,85.4,1316,-0.4201,36.9476,0
HSE-1439,2026-06-27,09:20,Mandera Depot,Logistics,Day,Near Miss,Near Miss event reported at Mandera Depot during day shift.,Near Miss,False,False,True,False,0,1,True,96.6,91.6,890,3.9373,41.8569,0
HSE-1440,2026-06-28,01:50,Nairobi Depot,Operations,Night,Slip / Trip,Worker slipped near transfer walkway at Nairobi Depot during night shift.,Near Miss,False,False,True,False,0,2,True,92.9,98.5,958,-1.2921,36.8219,0
HSE-1441,2026-06-28,10:40,Mombasa Depot,Maintenance,Day,Equipment Contact,Equipment Contact event reported at Mombasa Depot during day shift. Credible worst case could be life-altering.,First Aid,True,True,False,True,4,4,True,59.3,82.2,1065,-4.0435,39.6682,16
HSE-1442,2026-06-28,16:30,Nyeri Depot,Logistics,Day,Manual Handling,Manual Handling event reported at Nyeri Depot during day shift.,Restricted Work,True,True,False,False,4,3,True,100.0,91.0,1116,-0.4201,36.9476,12
HSE-1443,2026-06-28,10:30,Kisumu Depot,Operations,Day,Equipment Contact,Equipment Contact event reported at Kisumu Depot during day shift.,Lost Time,False,False,False,False,1,5,True,59.4,97.9,919,-0.0917,34.768,5
HSE-1444,2026-06-28,12:50,Kakamega Depot,Operations,Day,Manual Handling,Manual Handling event reported at Kakamega Depot during day shift.,Near Miss,False,False,True,False,0,4,True,89.3,98.5,1177,0.2827,34.7519,0
HSE-1445,2026-06-29,17:00,Mombasa Depot,Operations,Day,Equipment Contact,Equipment Contact event reported at Mombasa Depot during day shift.,Medical Treatment,True,True,False,False,4,2,True,57.1,82.7,1018,-4.0435,39.6682,8
